Workbook

Sheet CT unable to download
A1: clot burden score | B1: (Multiple Items)
A3: Name TRISHA EXCEL | B3: V4
A4: Hira salve | B4: 230802743
A5: Mandhar Zurekar | B5: 230010455
A6: Nursing shinde | B6: 230802341
A7: Pravin Dhumal Babanrao | B7: 220701846

Sheet MRI unable to download
A1: Stroke volume | B1: unable to download
A3: Name TRISHA EXCEL | B3: V4
A4: Ashok choudhari | B4: 211003182
A5: Belvalkar Madhav | B5: 240000032930
A6: Kaushalya Mane | B6: 240001711
A7: Putage Siddhavva Maruti | B7: 11111111111111
A8: Ramchandra Dhumal | B8: 230103376
A9: ratnamala gaikwad | B9: 240015649
A10: Ruben Gaikwad | B10: 230000052678
A11: Shinde Shivram | B11: 230003999
A12: Sushma deshpande | B12: 230502566
A13: #N/A | B13: 230000058666
B14: 240000031207
B15: 240000032777
B16: 240000050289

Sheet Dr Dulari Data Entry_21_feb_202
A1: Name | B1: age | C1: gender | D1: NIHSS | E1: SHT | F1: DM | G1: Alcohol | H1: tobacco | I1: smoking | J1: dyslipidaemia | K1: atrial fibrillation | L1: IHD | M1: rheumatic heart disease | N1: past history of stroke/TIA | O1: haemoglobin | P1: PCV | Q1: MCV | R1: Homocystiene | S1: HbA1C | T1: Cholesterol | U1: LDL Cholesterol | V1: HDL Cholesterol | W1: Triglycerides | X1: V LDL | Y1: b 12 | Z1: Vit D | AA1: CT ASPECTS | AB1: TAN | AC1: MAS | AD1: MITEFF | AE1: MCTA | AF1: Cerebral collaterals | AG1: ecosprine | AH1: clopidogril | AI1: thrombolysis | AJ1: thrombolytic agent | AK1: anticoagulation | AL1: mechanical thrombectomy | AM1: decompressive hemicranectomy | AN1: barthel index | AO1: Rt infraclinoid ICA | AP1: Rt Supraclinoid ICA | AQ1: Rt Proximal M1 MCA | AR1: Rt Distal M1 MCA | AS1: Rt M2MCA rear | AT1: Rt M2 MCA forward | AU1: Rt A1 ACA | AV1: Lt infraclinoid ICA | AW1: Lt Supraclinoid ICA | AX1: Lt Proximal M1 MCA | AY1: Lt Distal M1 MCA | AZ1: Lt M2MCA rear | BA1: Lt M2 MCA forward | BB1: Lt A1 ACA | BC1: clot burden score | BD1: Lt ICA origin | BE1: Rt ICA origin | BF1: CCA | BG1: MRS
A2: Prakash Deshmukh | B2: 72 | C2: 1 | D2: 22 | E2: 1 | F2: 1 | G2: 2 | H2: 2 | I2: 2 | J2: 2 | K2: 2 | L2: 2 | M2: 2 | N2: 2 | O2: 14.5 | P2: 43.1 | Q2: 87.6 | R2: 19.56 | S2: 5.9 | Y2: 186 | AA2: 9 | AB2: 1 | AC2: 2 | AD2: 1 | AE2: 4 | AF2: 0 | AG2: 1 | AH2: 2 | AI2: 1 | AJ2: 2 | AL2: 1 | AM2: 2 | AN2: 85 | AO2: 0 | AP2: 0 | AQ2: 0 | AR2: 0 | AS2: 0 | AT2: 0 | AU2: 0 | AV2: 0 | AW2: 0 | AX2: 0 | AY2: 0 | AZ2: 1 | BA2: 1 | BB2: 1 | BC2: 3 | BD2: 0 | BE2: 1 | BF2: 0 | BG2: 1
A3: Nilesh Dhande | B3: 46 | C3: 1 | D3: 3 | E3: 1 | F3: 2 | G3: 2 | H3: 2 | I3: 2 | J3: 2 | K3: 2 | L3: 2 | M3: 2 | N3: 2 | O3: 14.2 | P3: 43.9 | Q3: 82.6 | R3: 9 | S3: 5.5 | T3: 161 | U3: 88 | V3: 46 | W3: 132 | X3: 26 | AA3: 6 | AB3: 1 | AC3: 2 | AD3: 2 | AE3: 2 | AF3: 0 | AG3: 1 | AH3: 1 | AI3: 2 | AK3: 3 | AL3: 2 | AM3: 2 | AN3: 100 | AO3: 0 | AP3: 0 | AQ3: 0 | AR3: 0 | AS3: 0 | AT3: 0 | AU3: 0 | AV3: 0 | AW3: 0 | AX3: 2 | AY3: 2 | AZ3: 1 | BA3: 1 | BB3: 1 | BC3: 7 | BD3: 1 | BE3: 1 | BF3: 0 | BG3: 0
A4: Madhukar Khangute | B4: 82 | C4: 1 | D4: 22 | E4: 1 | F4: 1 | G4: 2 | H4: 2 | I4: 2 | J4: 2 | K4: 2 | L4: 1 | M4: 2 | N4: 2 | O4: 15.6 | P4: 45.9 | Q4: 89.4 | R4: 9.93 | S4: 8.2 | Y4: 1335 | AA4: 9 | AB4: 1 | AC4: 2 | AD4: 1 | AE4: 1 | AF4: 0 | AG4: 1 | AH4: 2 | AI4: 1 | AJ4: 2 | AL4: 2 | AM4: 2 | AN4: 0 | AO4: 0 | AP4: 0 | AQ4: 0 | AR4: 0 | AS4: 0 | AT4: 0 | AU4: 0 | AV4: 1 | AW4: 2 | AX4: 0 | AY4: 0 | AZ4: 0 | BA4: 0 | BB4: 0 | BC4: 3 | BD4: 1 | BE4: 1 | BF4: 0 | BG4: 6
A5: Bhalchandra govande | B5: 83 | C5: 1 | E5: 1 | F5: 1 | G5: 2 | H5: 2 | I5: 2 | J5: 2 | K5: 1 | L5: 2 | M5: 2 | N5: 1 | O5: 11.8 | P5: 42 | S5: 9.1 | T5: 120 | U5: 62 | V5: 25 | W5: 165 | X5: 33 | AA5: 7 | AB5: 1 | AC5: 2 | AD5: 1 | AE5: 1 | AF5: 0 | AG5: 1 | AH5: 2 | AI5: 2 | AK5: 4 | AL5: 2 | AM5: 2 | AN5: 0 | AO5: 0 | AP5: 2 | AQ5: 2 | AR5: 0 | AS5: 1 | AT5: 1 | AU5: 1 | AV5: 0 | AW5: 0 | AX5: 0 | AY5: 0 | AZ5: 0 | BA5: 0 | BB5: 0 | BC5: 7 | BD5: 1 | BE5: 1 | BF5: Rt CCA plaque | BG5: 6
A6: Dharmraj Patil | B6: 78 | C6: 1 | D6: 16 | E6: 1 | F6: 1 | G6: 2 | H6: 1 | I6: 2 | J6: 2 | K6: 2 | L6: 2 | M6: 2 | N6: 2 | O6: 13.1 | P6: 39.9 | Q6: 84.2 | R6: 8.3 | S6: 6.4 | T6: 157 | U6: 90.4 | V6: 43 | W6: 118 | X6: 23.6 | AA6: 8 | AB6: 2 | AC6: 1 | AD6: 2 | AE6: 5 | AF6: 0 | AG6: 1 | AH6: 2 | AI6: 1 | AJ6: 1 | AL6: 2 | AM6: 2 | AN6: 65 | AO6: 0 | AP6: 2 | AQ6: 2 | AR6: 2 | AS6: 1 | AT6: 1 | AU6: 1 | AV6: 0 | AW6: 0 | AX6: 0 | AY6: 0 | AZ6: 0 | BA6: 0 | BB6: 0 | BC6: 9 | BD6: 0 | BE6: 0 | BF6: 0 | BG6: 2
A7: Kiran Pardeshi | B7: 71 | C7: 1 | D7: 3 | E7: 2 | F7: 2 | G7: 1 | H7: 1 | I7: 2 | J7: 2 | K7: 2 | L7: 2 | M7: 2 | N7: 2 | O7: 18 | P7: 53.8 | Q7: 10.59 | R7: 29.81 | Y7: 148 | AA7: 8 | AB7: 2 | AC7: 1 | AD7: 2 | AE7: 4 | AF7: 0 | AG7: 1 | AH7: 1 | AI7: 2 | AL7: 2 | AM7: 2 | AN7: 100 | AV7: 0 | AW7: 1 | AX7: 2 | AY7: 2 | AZ7: 1 | BA7: 1 | BB7: 1 | BC7: 8 | BD7: 1 | BE7: 1 | BF7: Bilateral CCA plaque | BG7: 0
A8: Dharmendra Kale | B8: 47 | C8: 1 | D8: 0 | E8: 1 | F8: 2 | G8: 2 | H8: 2 | I8: 2 | J8: 2 | K8: 2 | L8: 2 | M8: 2 | N8: 2 | O8: 12.9 | P8: 39 | Q8: 80 | R8: 40 | S8: 5.8 | Y8: 177 | AA8: 10 | AB8: 2 | AC8: 1 | AD8: 3 | AE8: 4 | AF8: 0 | AG8: 1 | AH8: 1 | AI8: 2 | AL8: 2 | AM8: 2 | AN8: 100 | AO8: 0 | AP8: 0 | AQ8: 0 | AR8: 0 | AS8: 0 | AT8: 0 | AU8: 0 | AV8: 1 | AW8: 1 | AX8: 2 | AY8: 2 | AZ8: 1 | BA8: 1 | BB8: 1 | BC8: 9 | BD8: 1 | BE8: 1 | BF8: Left CCA plaque | BG8: 0
A9: Vilas Gaikwad | B9: 51 | C9: 1 | D9: 20 | E9: 1 | F9: 1 | G9: 1 | H9: 1 | I9: 1 | J9: 2 | K9: 2 | L9: 2 | M9: 2 | N9: 2 | O9: 8.5 | P9: 29.3 | Q9: 59.7 | R9: 4.36 | S9: 8.2 | T9: 90 | U9: 42.2 | V9: 21 | W9: 134 | X9: 26.3 | Y9: 795 | AA9: 3 | AB9: 2 | AC9: 2 | AD9: 2 | AE9: 3 | AF9: 0 | AG9: 1 | AI9: 2 | AJ9: 1 | AL9: 2 | AM9: 2 | AN9: 55 | AO9: 0 | AP9: 0 | AQ9: 0 | AR9: 0 | AS9: 0 | AT9: 0 | AU9: 0 | AV9: 1 | AW9: 2 | AX9: 2 | AY9: 2 | AZ9: 0 | BA9: 1 | BB9: 1 | BC9: 9 | BD9: 0 | BE9: 1 | BF9: 0 | BG9: 3
A10: Keshavbai shinde | B10: 50 | C10: 2 | D10: 3 | E10: 2 | F10: 2 | G10: 2 | H10: 1 | I10: 2 | J10: 2 | K10: 2 | L10: 2 | M10: 2 | N10: 2 | O10: 13.2 | P10: 40.3 | Q10: 76.5 | R10: 7.34 | S10: 5.8 | T10: 173 | U10: 102.8 | V10: 39 | W10: 156 | X10: 31.2 | Y10: 1099 | AA10: 10 | AB10: 2 | AC10: 2 | AD10: 1 | AE10: 4 | AF10: 0 | AG10: 2 | AH10: 2 | AI10: 2 | AL10: 2 | AM10: 2 | AN10: 100 | AO10: 0 | AP10: 0 | AQ10: 0 | AR10: 0 | AS10: 0 | AT10: 0 | AU10: 0 | AV10: 0 | AW10: 0 | AX10: 2 | AY10: 2 | AZ10: 1 | BA10: 1 | BB10: 1 | BC10: 7 | BD10: 0 | BE10: 1 | BF10: 0 | BG10: 0
A11: Hanumant Gaikwad | B11: 84 | C11: 1 | D11: 7 | E11: 1 | F11: 2 | G11: 2 | H11: 2 | I11: 2 | J11: 2 | K11: 2 | L11: 2 | M11: 2 | N11: 2 | O11: 13.1 | P11: 37.8 | Q11: 90 | S11: 5.5 | T11: 229 | U11: 162.6 | V11: 35 | W11: 157 | X11: 31.4 | Y11: 421 | AA11: 10 | AB11: 2 | AC11: 2 | AD11: 3 | AE11: 4 | AF11: 0 | AG11: 1 | AH11: 2 | AI11: 1 | AJ11: 1 | AL11: 2 | AM11: 2 | AN11: 0 | AO11: 0 | AP11: 2 | AQ11: 2 | AR11: 2 | AS11: 1 | AT11: 1 | AU11: 1 | AV11: 0 | AW11: 0 | AX11: 0 | AY11: 0 | AZ11: 0 | BA11: 0 | BB11: 0 | BC11: 9 | BD11: 0 | BE11: 1 | BF11: 0 | BG11: 6
A12: Akbar Bhagawan | B12: 43 | C12: 1 | D12: 12 | E12: 1 | F12: 1 | G12: 2 | H12: 2 | I12: 2 | J12: 2 | K12: 2 | L12: 1 | M12: 2 | N12: 2 | O12: 10.5 | P12: 32.7 | Q12: 79.4 | R12: 10.77 | T12: 190 | U12: 135 | V12: 25 | W12: 150 | X12: 30 | Y12: 259 | AA12: 9 | AB12: 2 | AC12: 1 | AD12: 3 | AE12: 4 | AF12: 0 | AG12: 1 | AH12: 1 | AI12: 2 | AK12: 4 | AL12: 2 | AM12: 2 | AN12: 0 | AV12: 0 | AW12: 1 | AX12: 2 | AY12: 2 | AZ12: 1 | BA12: 1 | BB12: 1 | BC12: 8 | BD12: 0 | BE12: 1 | BF12: 0 | BG12: 6
A13: Jaydep B Panchal | B13: 30 | C13: 1 | D13: 9 | E13: 2 | F13: 2 | G13: 1 | H13: 2 | I13: 1 | J13: 2 | K13: 2 | L13: 2 | M13: 2 | N13: 1 | AA13: 10 | AB13: 2 | AC13: 2 | AD13: 2 | AE13: 4 | AF13: 0 | AG13: 1 | AH13: 2 | AI13: 1 | AJ13: 1 | AN13: 95 | AO13: 1 | AP13: 2 | AQ13: 0 | AR13: 0 | AS13: 1 | AT13: 1 | AU13: 1 | AV13: 0 | AW13: 0 | AX13: 0 | AY13: 0 | AZ13: 0 | BA13: 0 | BB13: 0 | BC13: 6 | BD13: 1 | BE13: 1 | BF13: 0 | BG13: 0
A14: Ashok Gite | B14: 57 | C14: 1 | D14: 7 | E14: 1 | F14: 1 | G14: 2 | H14: 1 | I14: 2 | J14: 2 | K14: 2 | L14: 1 | M14: 2 | N14: 2 | O14: 14.3 | P14: 44.4 | Q14: 81.8 | R14: 20.17 | S14: 7 | T14: 141 | U14: 88.4 | V14: 29 | W14: 118 | X14: 23.6 | Y14: 208 | AA14: 7 | AB14: 2 | AC14: 1 | AD14: 2 | AE14: 5 | AF14: 0 | AG14: 1 | AH14: 1 | AI14: 2 | AL14: 2 | AM14: 2 | AN14: 100 | AO14: 0 | AP14: 1 | AQ14: 0 | AR14: 1 | AS14: 1 | AT14: 1 | AU14: 1 | AV14: 0 | AW14: 0 | AX14: 0 | AY14: 0 | AZ14: 0 | BA14: 0 | BB14: 0 | BC14: 5 | BD14: 1 | BE14: 0 | BF14: 0 | BG14: 0
A15: Rekha Bhapkar | B15: 67 | C15: 2 | D15: 23 | E15: 2 | F15: 2 | G15: 2 | H15: 2 | I15: 2 | J15: 2 | K15: 2 | L15: 2 | M15: 1 | N15: 2 | O15: 9.4 | P15: 29.3 | Q15: 95.9 | AA15: 8 | AB15: 2 | AC15: 2 | AD15: 3 | AE15: 4 | AF15: 0 | AG15: 1 | AH15: 1 | AI15: 2 | AL15: 2 | AM15: 2 | AO15: 0 | AP15: 0 | AQ15: 2 | AR15: 2 | AS15: 1 | AT15: 1 | AU15: 1 | AV15: 0 | AW15: 0 | AX15: 0 | AY15: 0 | AZ15: 0 | BA15: 0 | BB15: 0 | BC15: 7 | BD15: 1 | BE15: 0 | BF15: Right CCA plaque | BG15: 6
A16: Chandrabhagabai Gite | B16: 77 | C16: 2 | D16: 1 | E16: 1 | F16: 1 | G16: 2 | H16: 2 | I16: 2 | J16: 2 | K16: 2 | L16: 2 | M16: 2 | N16: 2 | O16: 14 | P16: 42.4 | Q16: 88.9 | R16: 15.99 | S16: 10.4 | T16: 250 | U16: 126 | V16: 37 | W16: 435 | X16: 87 | AA16: 8 | AB16: 2 | AC16: 1 | AD16: 4 | AE16: 5 | AF16: 0 | AG16: 1 | AH16: 1 | AI16: 2 | AL16: 2 | AM16: 2 | AN16: 100 | AO16: 0 | AP16: 2 | AQ16: 2 | AR16: 2 | AS16: 1 | AT16: 1 | AU16: 1 | AV16: 0 | AW16: 0 | AX16: 0 | AY16: 0 | AZ16: 0 | BA16: 0 | BB16: 0 | BC16: 9 | BD16: 1 | BE16: 0 | BF16: Rt CCA plaque | BG16: 0
A17: Indubai Sarang | B17: 80 | C17: 2 | D17: 17 | E17: 1 | F17: 1 | G17: 2 | H17: 2 | I17: 2 | J17: 2 | K17: 2 | L17: 2 | M17: 2 | N17: 2 | O17: 12.9 | P17: 38.5 | Q17: 92 | R17: 31.04 | S17: 11.4 | T17: 130 | U17: 68.8 | V17: 31 | W17: 151 | X17: 30.2 | Y17: 198 | AA17: 9 | AB17: 2 | AC17: 2 | AD17: 3 | AE17: 4 | AF17: 0 | AG17: 1 | AH17: 1 | AI17: 2 | AL17: 2 | AM17: 2 | AN17: 100 | AO17: 0 | AP17: 0 | AQ17: 0 | AR17: 0 | AS17: 0 | AT17: 0 | AU17: 0 | AV17: 0 | AW17: 2 | AX17: 1 | AY17: 2 | AZ17: 1 | BA17: 1 | BB17: 1 | BC17: 8 | BD17: 1 | BE17: 0 | BF17: 0 | BG17: 5
A18: Malusare suresh | B18: 70 | C18: 1 | E18: 2 | F18: 1 | G18: 2 | H18: 1 | I18: 2 | J18: 2 | K18: 2 | L18: 2 | M18: 2 | N18: 2 | O18: 12 | P18: 30.2 | Q18: 78.2 | R18: 37.22 | S18: 11 | T18: 137 | U18: 82.4 | V18: 40 | W18: 73 | X18: 14.6 | Y18: 7200 | AA18: 1 | AB18: 2 | AC18: 2 | AD18: 1 | AE18: 2 | AF18: 0 | AG18: 1 | AH18: 1 | AI18: 2 | AK18: 4 | AN18: 85 | AO18: 0 | AP18: 0 | AQ18: 0 | AR18: 0 | AS18: 0 | AT18: 0 | AU18: 0 | AV18: 1 | AW18: 2 | AX18: 2 | AY18: 0 | AZ18: 0 | BA18: 0 | BB18: 1 | BC18: 6 | BD18: 1 | BE18: 1 | BF18: 0 | BG18: 0
A19: Suman G. Yadav | B19: 70 | C19: 2 | D19: 19 | E19: 1 | F19: 2 | G19: 2 | H19: 2 | I19: 2 | J19: 2 | K19: 2 | L19: 2 | M19: 2 | N19: 2 | O19: 9.8 | P19: 30.8 | Q19: 96.3 | R19: 7.81 | S19: 6.3 | T19: 128 | U19: 68.8 | V19: 24 | W19: 176 | X19: 35.2 | Y19: 1539 | AA19: 9 | AB19: 2 | AC19: 1 | AD19: 1 | AE19: 4 | AF19: 0 | AG19: 1 | AH19: 1 | AI19: 1 | AJ19: 2 | AL19: 1 | AM19: 2 | AO19: 0 | AP19: 0 | AQ19: 0 | AR19: 0 | AS19: 0 | AT19: 0 | AU19: 0 | AV19: 1 | AW19: 2 | AX19: 2 | AY19: 0 | AZ19: 0 | BA19: 0 | BB19: 1 | BC19: 6 | BD19: 1 | BE19: 1 | BF19: 0 | BG19: 6
A20: Suresh Acharehar | B20: 45 | C20: 1 | D20: 20 | E20: 1 | F20: 1 | G20: 2 | H20: 2 | I20: 2 | J20: 2 | K20: 2 | L20: 2 | M20: 2 | N20: 2 | O20: 13.9 | P20: 43.1 | Q20: 91.6 | R20: 12.63 | S20: 13 | T20: 193 | U20: 124.6 | V20: 39 | W20: 147 | X20: 29.4 | Y20: 192 | AA20: 9 | AB20: 2 | AC20: 1 | AD20: 3 | AE20: 5 | AF20: 0 | AG20: 1 | AH20: 2 | AI20: 1 | AJ20: 1 | AL20: 2 | AM20: 2 | AN20: 100 | AO20: 1 | AP20: 2 | AQ20: 2 | AR20: 2 | AS20: 0 | AT20: 1 | AU20: 1 | AV20: 0 | AW20: 0 | AX20: 0 | AY20: 0 | AZ20: 0 | BA20: 0 | BB20: 0 | BC20: 9 | BD20: 1 | BE20: 1 | BF20: 0 | BG20: 0
A21: Lalbahadur singh | B21: 70 | C21: 1 | D21: 14 | E21: 2 | F21: 2 | G21: 1 | H21: 2 | I21: 1 | J21: 2 | K21: 2 | L21: 2 | M21: 2 | N21: 2 | O21: 13.5 | P21: 41.4 | Q21: 87.6 | R21: 41.69 | S21: 6.9 | T21: 195 | U21: 125.2 | V21: 50 | W21: 99 | X21: 19.8 | Y21: 162 | AA21: 8 | AB21: 2 | AC21: 2 | AD21: 3 | AE21: 4 | AF21: 0 | AG21: 1 | AH21: 2 | AI21: 2 | AL21: 2 | AM21: 2 | AN21: 80 | AO21: 0 | AP21: 2 | AQ21: 2 | AR21: 0 | AS21: 1 | AT21: 1 | AU21: 1 | AV21: 0 | AW21: 0 | AX21: 0 | AY21: 0 | AZ21: 0 | BA21: 0 | BB21: 0 | BC21: 7 | BD21: 1 | BE21: 1 | BF21: 0 | BG21: 0
A22: Varsha Patil/ pawar | B22: 38 | C22: 2 | D22: 17 | E22: 2 | F22: 2 | G22: 2 | H22: 2 | I22: 2 | J22: 2 | K22: 2 | L22: 2 | M22: 2 | N22: 2 | O22: 12 | P22: 35.4 | Q22: 90 | R22: 12.75 | S22: 5.5 | Y22: 166 | AA22: 9 | AB22: 2 | AC22: 2 | AD22: 2 | AE22: 4 | AF22: 0 | AG22: 1 | AI22: 1 | AJ22: 2 | AL22: 2 | AM22: 2 | AN22: 100 | AV22: 1 | AW22: 2 | AX22: 0 | AY22: 2 | AZ22: 1 | BA22: 1 | BB22: 1 | BC22: 8 | BD22: 1 | BE22: 1 | BF22: 1 | BG22: 1
A23: Balasaheb Washilkar | B23: 50 | C23: 1 | D23: 24 | E23: 1 | F23: 2 | G23: 2 | H23: 1 | I23: 2 | J23: 2 | K23: 2 | L23: 2 | M23: 2 | N23: 2 | O23: 13.5 | P23: 41 | Q23: 97.2 | R23: 33.42 | S23: 5.6 | T23: 115 | U23: 64.4 | V23: 31 | W23: 98 | X23: 19.6 | Y23: 156 | AA23: 8 | AB23: 2 | AC23: 1 | AD23: 1 | AE23: 3 | AF23: 0 | AG23: 1 | AH23: 2 | AI23: 1 | AJ23: 1 | AL23: 2 | AM23: 2 | AN23: 25 | AO23: 0 | AP23: 0 | AQ23: 0 | AR23: 0 | AS23: 0 | AT23: 0 | AU23: 0 | AV23: 0 | AW23: 0 | AX23: 0 | AY23: 0 | AZ23: 0 | BA23: 0 | BB23: 1 | BC23: 1 | BD23: 0 | BE23: 1 | BF23: 0 | BG23: 4
A24: Mahavar Bappa | B24: 50 | C24: 1 | D24: 13 | E24: 1 | F24: 2 | G24: 1 | H24: 1 | I24: 1 | J24: 2 | K24: 2 | L24: 2 | M24: 2 | N24: 2 | O24: 11.3 | P24: 32 | Q24: 79 | R24: 44.6 | S24: 5.3 | T24: 195 | U24: 116 | V24: 46 | W24: 162 | X24: 32 | Y24: 148 | AA24: 8 | AB24: 2 | AC24: 1 | AD24: 2 | AE24: 4 | AF24: 0 | AG24: 1 | AH24: 2 | AI24: 2 | AJ24: 2 | AK24: 2 | AL24: 2 | AM24: 2 | AN24: 100 | AO24: 1 | AP24: 2 | AQ24: 0 | AR24: 0 | AS24: 0 | AT24: 0 | AU24: 1 | AV24: 0 | AW24: 0 | AX24: 0 | AY24: 0 | AZ24: 0 | BA24: 0 | BB24: 0 | BC24: 4 | BD24: 1 | BE24: 0 | BF24: 0 | BG24: 0
A25: Lahot Krushna | B25: 74 | C25: 2 | D25: 11 | E25: 1 | F25: 1 | G25: 2 | H25: 2 | I25: 2 | J25: 2 | K25: 2 | L25: 1 | M25: 2 | N25: 2 | O25: 11.8 | P25: 36.7 | Q25: 90.4 | R25: 13.29 | S25: 6.7 | T25: 153 | U25: 96 | V25: 34 | W25: 111 | X25: 22 | Y25: 397 | AA25: 4 | AB25: 2 | AC25: 2 | AD25: 3 | AE25: 3 | AF25: 0 | AG25: 1 | AH25: 1 | AI25: 1 | AJ25: 1 | AK25: 4 | AL25: 2 | AM25: 2 | AN25: 0 | AO25: 0 | AP25: 1 | AQ25: 2 | AR25: 2 | AS25: 1 | AT25: 1 | AU25: 1 | BC25: 8 | BD25: 0 | BE25: 1 | BG25: 6
A26: Anusaya Kharat | B26: 85 | C26: 2 | D26: 21 | E26: 1 | F26: 2 | G26: 2 | H26: 2 | I26: 2 | J26: 2 | K26: 2 | L26: 2 | M26: 2 | N26: 2 | AA26: 7 | AB26: 2 | AC26: 2 | AD26: 1 | AE26: 3 | AF26: 0 | AG26: 1 | AI26: 1 | AJ26: 1 | AK26: 4 | AL26: 2 | AM26: 2 | AN26: 0 | AO26: 0 | AP26: 0 | AQ26: 0 | AR26: 0 | AS26: 0 | AT26: 0 | AU26: 0 | AV26: 0 | AW26: 2 | AX26: 0 | AY26: 0 | AZ26: 0 | BA26: 0 | BB26: 1 | BC26: 3 | BD26: 0 | BE26: 1 | BF26: Bilateral CCA plaques | BG26: 6
A27: Wilson terez | B27: 75 | C27: 2 | D27: 22 | E27: 1 | F27: 1 | G27: 2 | H27: 2 | I27: 2 | J27: 2 | K27: 2 | L27: 2 | M27: 2 | N27: 2 | O27: 10.7 | P27: 32.7 | Q27: 82.6 | R27: 13.7 | Y27: 1136 | AA27: 3 | AB27: 2 | AC27: 2 | AD27: 1 | AE27: 4 | AF27: 0 | AG27: 1 | AH27: 1 | AI27: 2 | AK27: 4 | AL27: 2 | AM27: 2 | AO27: 1 | AP27: 2 | AQ27: 1 | AR27: 2 | AS27: 1 | AT27: 1 | AU27: 1 | AV27: 0 | AW27: 0 | AX27: 0 | AY27: 0 | AZ27: 0 | BA27: 0 | BB27: 0 | BC27: 9 | BD27: 1 | BE27: 1 | BF27: 1 | BG27: 6
A28: Narul Sharma | B28: 26 | C28: 1 | D28: 20 | E28: 2 | F28: 2 | G28: 1 | H28: 1 | I28: 1 | J28: 2 | K28: 2 | L28: 2 | M28: 2 | N28: 2 | O28: 15.7 | P28: 45.2 | Q28: 11.76 | R28: 17.3 | S28: 4.5 | T28: 120 | U28: 66.2 | V28: 36 | W28: 89 | X28: 17.8 | Y28: 148 | AA28: 8 | AB28: 2 | AC28: 1 | AD28: 3 | AE28: 4 | AF28: 0 | AG28: 1 | AH28: 2 | AI28: 1 | AJ28: 1 | AK28: 1 | AL28: 2 | AM28: 2 | AN28: 90 | AO28: 0 | AP28: 0 | AQ28: 0 | AR28: 0 | AS28: 0 | AT28: 0 | AU28: 0 | AV28: 1 | AW28: 2 | AX28: 2 | AY28: 2 | AZ28: 1 | BA28: 1 | BB28: 1 | BC28: 10 | BD28: 1 | BE28: 0 | BF28: Rt CCA thrombus | BG28: 1
A29: Satish Bhalerao | B29: 41 | C29: 1 | D29: 9 | E29: 1 | F29: 1 | G29: 2 | H29: 1 | I29: 2 | J29: 2 | K29: 2 | L29: 2 | M29: 2 | N29: 2 | O29: 15.4 | P29: 43.8 | Q29: 90.6 | R29: 32.46 | S29: 6.1 | T29: 229 | V29: 34 | W29: 553 | Y29: 213 | AA29: 8 | AB29: 2 | AC29: 1 | AD29: 2 | AE29: 5 | AF29: 0 | AG29: 1 | AH29: 1 | AI29: 1 | AJ29: 1 | AK29: 4 | AL29: 2 | AM29: 1 | AN29: 100 | AO29: 1 | AP29: 2 | AQ29: 2 | AR29: 2 | AS29: 1 | AT29: 1 | AU29: 1 | AV29: 0 | AW29: 0 | AX29: 0 | AY29: 0 | AZ29: 0 | BA29: 0 | BB29: 0 | BC29: 10 | BD29: 1 | BE29: 1 | BF29: 0 | BG29: 0
A30: Chandrakant Khopade | B30: 60 | C30: 1 | D30: 18 | E30: 2 | F30: 2 | G30: 2 | H30: 2 | I30: 2 | J30: 2 | K30: 1 | L30: 2 | M30: 2 | N30: 2 | O30: 14 | P30: 32 | Q30: 95 | R30: 22 | S30: 5.5 | Y30: 171 | AA30: 3 | AB30: 2 | AC30: 2 | AD30: 1 | AE30: 3 | AF30: 0 | AG30: 1 | AH30: 2 | AI30: 1 | AJ30: 1 | AK30: 3 | AN30: 30 | AO30: 1 | AP30: 2 | AQ30: 2 | AR30: 0 | AS30: 1 | AT30: 1 | AU30: 1 | AV30: 0 | AW30: 0 | AX30: 0 | AY30: 0 | AZ30: 0 | BA30: 0 | BB30: 0 | BC30: 8 | BD30: 1 | BE30: 1 | BF30: 0 | BG30: 4
A31: Kiran shinde | B31: 45 | C31: 1 | D31: 12 | E31: 2 | F31: 2 | G31: 1 | H31: 1 | I31: 2 | J31: 2 | K31: 2 | L31: 2 | M31: 2 | N31: 2 | O31: 16 | P31: 48.3 | Q31: 99.6 | R31: 16.74 | S31: 4.5 | T31: 125 | U31: 66.8 | V31: 48 | W31: 51 | X31: 10.2 | Y31: 151 | AA31: 8 | AB31: 2 | AC31: 2 | AD31: 2 | AE31: 2 | AF31: 0 | AG31: 1 | AH31: 1 | AI31: 1 | AJ31: 1 | AL31: 1 | AM31: 1 | AN31: 45 | AO31: 0 | AP31: 0 | AQ31: 0 | AR31: 0 | AS31: 1 | AT31: 1 | AU31: 1 | AV31: 0 | AW31: 0 | AX31: 0 | AY31: 0 | AZ31: 0 | BA31: 0 | BB31: 0 | BC31: 3 | BD31: 1 | BE31: 0 | BF31: 0 | BG31: 4
A32: Parvati Saste | B32: 57 | C32: 2 | D32: 21 | E32: 2 | F32: 2 | G32: 2 | H32: 2 | I32: 2 | J32: 2 | K32: 1 | L32: 2 | M32: 2 | N32: 2 | O32: 14.4 | P32: 43 | Q32: 97.3 | AA32: 3 | AB32: 2 | AC32: 1 | AD32: 3 | AE32: 4 | AF32: 0 | AG32: 1 | AH32: 2 | AI32: 2 | AL32: 2 | AM32: 2 | AN32: 0 | AO32: 0 | AP32: 0 | AQ32: 0 | AR32: 0 | AS32: 0 | AT32: 0 | AU32: 0 | AV32: 1 | AW32: 2 | AX32: 2 | AY32: 1 | AZ32: 1 | BA32: 1 | BB32: 1 | BC32: 9 | BD32: 0 | BE32: 1 | BF32: Lt CCA Plaque | BG32: 6
A33: Anita Yedge | B33: 39 | C33: 2 | D33: 22 | E33: 2 | F33: 2 | G33: 2 | H33: 2 | I33: 2 | J33: 2 | K33: 2 | L33: 2 | M33: 2 | N33: 2 | O33: 12 | R33: 4.65 | S33: 5.9 | T33: 105 | U33: 126.2 | V33: 47 | W33: 109 | X33: 4.8 | AA33: 5 | AB33: 2 | AC33: 2 | AD33: 1 | AE33: 4 | AF33: 0 | AG33: 1 | AH33: 2 | AI33: 2 | AL33: 2 | AM33: 1 | AN33: 60 | AV33: 0 | AW33: 0 | AX33: 0 | AY33: 0 | AZ33: 1 | BA33: 1 | BB33: 1 | BC33: 3 | BD33: 0 | BE33: 1 | BF33: Lt ICA occluded | BG33: 3
A34: Ramchandra Pangarkar | B34: 48 | C34: 1 | D34: 20 | K34: 1 | L34: 1 | M34: 1 | N34: 1 | O34: 11 | Q34: 77 | R34: 21 | Y34: 410 | AA34: 3 | AB34: 2 | AC34: 2 | AD34: 2 | AE34: 3 | AF34: 0 | AG34: 1 | AI34: 2 | AK34: 4 | AN34: 0 | AO34: 0 | AP34: 0 | AQ34: 0 | AR34: 0 | AS34: 0 | AT34: 0 | AU34: 0 | AV34: 1 | AW34: 2 | AX34: 2 | AY34: 0 | AZ34: 0 | BA34: 0 | BB34: 1 | BC34: 6 | BD34: 1 | BE34: 1 | BF34: 0 | BG34: 6
A35: Arun Rale | B35: 63 | C35: 1 | D35: 14 | E35: 1 | F35: 2 | G35: 2 | H35: 2 | I35: 2 | J35: 2 | K35: 2 | L35: 2 | M35: 2 | N35: 2 | O35: 13.3 | R35: 14.94 | S35: 5.8 | T35: 212 | U35: 123.4 | V35: 66 | W35: 113 | X35: 22.6 | AA35: 8 | AB35: 2 | AC35: 1 | AD35: 4 | AE35: 5 | AF35: 0 | AG35: 1 | AH35: 1 | AI35: 2 | AK35: 4 | AL35: 2 | AM35: 2 | AN35: 95 | AV35: 1 | AW35: 2 | AX35: 1 | AY35: 2 | AZ35: 1 | BA35: 1 | BB35: 1 | BC35: 9 | BD35: 1 | BE35: 1 | BF35: 1 | BG35: 1
A36: Kamlabai Kumbhar | B36: 65 | C36: 2 | D36: 10 | E36: 2 | F36: 1 | G36: 2 | H36: 2 | I36: 2 | J36: 2 | K36: 2 | L36: 2 | M36: 2 | N36: 2 | O36: 13 | P36: 39.7 | R36: 6.51 | S36: 14.3 | T36: 198 | U36: 109.2 | V36: 29 | W36: 299 | Y36: 413 | AA36: 7 | AB36: 2 | AC36: 1 | AD36: 2 | AE36: 4 | AF36: 0 | AG36: 1 | AH36: 1 | AI36: 2 | AK36: 4 | AL36: 2 | AM36: 2 | AN36: 100 | AO36: 1 | AP36: 2 | AQ36: 2 | AR36: 2 | AS36: 1 | AT36: 1 | AU36: 1 | BC36: 10 | BD36: 1 | BE36: 1 | BG36: 0
A37: Tukaram Potdar | B37: 76 | C37: 1 | D37: 13 | E37: 1 | F37: 2 | G37: 2 | H37: 1 | I37: 2 | J37: 2 | K37: 2 | L37: 2 | M37: 2 | N37: 2 | O37: 13.1 | S37: 5.7 | T37: 175 | U37: 112.4 | V37: 36 | W37: 133 | X37: 26.6 | Y37: 332 | Z37: 61 | AA37: 9 | AB37: 3 | AC37: 1 | AD37: 3 | AE37: 5 | AF37: 1 | AG37: 1 | AH37: 2 | AI37: 1 | AJ37: 1 | AL37: 2 | AM37: 2 | AO37: 0 | AP37: 1 | AQ37: 1 | AR37: 2 | AS37: 1 | AT37: 1 | AU37: 1 | AV37: 0 | AW37: 0 | AX37: 0 | AY37: 0 | AZ37: 0 | BA37: 0 | BB37: 0 | BC37: 7 | BD37: 1 | BE37: 0 | BF37: Right CCA plaque | BG37: 6
A38: Ratnmala A Gaikwad | B38: 68 | C38: 2 | D38: 0 | E38: 1 | F38: 2 | G38: 2 | H38: 2 | I38: 2 | J38: 2 | K38: 2 | L38: 2 | M38: 2 | N38: 2 | O38: 10.8 | P38: 33.9 | Q38: 13.6 | R38: 6.18 | S38: 6.9 | T38: 239 | U38: 156.4 | V38: 48 | W38: 173 | X38: 34.6 | Y38: 1560 | AA38: 10 | AB38: 3 | AC38: 1 | AD38: 3 | AE38: 5 | AF38: 1 | AG38: 1 | AH38: 1 | AI38: 2 | AL38: 2 | AM38: 2 | AN38: 70 | AO38: 1 | AP38: 2 | AQ38: 2 | AR38: 0 | AS38: 1 | AT38: 1 | AU38: 1 | AV38: 0 | AW38: 0 | AX38: 0 | AY38: 0 | AZ38: 0 | BA38: 0 | BB38: 0 | BC38: 8 | BD38: 1 | BE38: 1 | BF38: 0 | BG38: 2
A39: Devendra Sigh | B39: 54 | C39: 1 | D39: 3 | E39: 1 | F39: 2 | G39: 1 | H39: 1 | I39: 1 | J39: 2 | K39: 2 | L39: 2 | M39: 2 | N39: 2 | O39: 16 | P39: 47.2 | Q39: 96.7 | R39: 16.26 | S39: 5.4 | Y39: 178 | AA39: 8 | AB39: 3 | AC39: 1 | AD39: 3 | AE39: 5 | AF39: 1 | AG39: 1 | AH39: 1 | AI39: 2 | AL39: 2 | AM39: 2 | AN39: 100 | AO39: 0 | AP39: 0 | AQ39: 0 | AR39: 0 | AS39: 0 | AT39: 0 | AU39: 0 | AV39: 0 | AW39: 2 | AX39: 2 | AY39: 2 | AZ39: 1 | BA39: 1 | BB39: 1 | BC39: 9 | BD39: 1 | BE39: 1 | BF39: 0 | BG39: 0
A40: Prabhavati Bhargvde | B40: 75 | C40: 2 | D40: 2 | E40: 1 | F40: 1 | G40: 2 | H40: 1 | I40: 2 | J40: 2 | K40: 2 | L40: 2 | M40: 2 | N40: 2 | O40: 9.22 | P40: 33.5 | Q40: 82.2 | R40: 17 | S40: 6.1 | T40: 132 | U40: 78 | V40: 42 | W40: 58 | X40: 11.6 | Y40: 576 | AA40: 10 | AB40: 3 | AC40: 1 | AD40: 3 | AE40: 5 | AF40: 1 | AG40: 1 | AH40: 1 | AI40: 2 | AK40: 4 | AL40: 2 | AM40: 2 | AN40: 100 | AO40: 1 | AP40: 2 | AQ40: 2 | AR40: 2 | AS40: 1 | AT40: 1 | AU40: 1 | AV40: 0 | AW40: 0 | AX40: 0 | AY40: 0 | AZ40: 0 | BA40: 0 | BB40: 0 | BC40: 10 | BD40: 1 | BE40: 0 | BF40: Bilateral CCA plaque | BG40: 0
A41: Kisan Ranjane | B41: 75 | C41: 1 | D41: 24 | E41: 1 | F41: 1 | G41: 2 | H41: 2 | I41: 2 | J41: 2 | K41: 2 | L41: 2 | M41: 2 | N41: 2 | O41: 13 | P41: 39.5 | Q41: 78.5 | AA41: 9 | AB41: 3 | AC41: 1 | AD41: 2 | AE41: 5 | AF41: 0 | AG41: 1 | AH41: 2 | AI41: 2 | AL41: 2 | AM41: 2 | AO41: 0 | AP41: 0 | AQ41: 0 | AR41: 0 | AS41: 0 | AT41: 0 | AU41: 0 | AV41: 1 | AW41: 2 | AX41: 2 | AY41: 2 | AZ41: 1 | BA41: 1 | BB41: 1 | BC41: 10 | BD41: 1 | BE41: 1 | BF41: 0 | BG41: 0
A42: Parshuram A Shinde | B42: 80 | C42: 1 | E42: 2 | F42: 2 | G42: 2 | H42: 2 | I42: 1 | J42: 2 | K42: 2 | L42: 2 | M42: 2 | N42: 2 | O42: 12.6 | P42: 36.3 | Q42: 96.7 | R42: 14.5 | S42: 5.1 | Y42: 197 | AA42: 9 | AB42: 3 | AC42: 1 | AD42: 3 | AE42: 5 | AF42: 1 | AG42: 1 | AH42: 1 | AI42: 2 | AK42: 4 | AN42: 45 | AO42: 0 | AP42: 0 | AQ42: 0 | AR42: 0 | AS42: 0 | AT42: 0 | AU42: 0 | AV42: 1 | AW42: 2 | AX42: 2 | AY42: 2 | AZ42: 1 | BA42: 1 | BB42: 1 | BC42: 10 | BD42: 1 | BE42: 1 | BF42: 0 | BG42: 4
A43: Latif Munir | B43: 59 | C43: 1 | D43: 0 | E43: 1 | F43: 2 | G43: 2 | H43: 2 | I43: 2 | J43: 2 | K43: 2 | L43: 2 | M43: 2 | N43: 2 | O43: 13.6 | P43: 40.9 | Q43: 87.7 | R43: 24.17 | S43: 5.2 | Y43: 243 | AA43: 9 | AB43: 3 | AC43: 1 | AD43: 3 | AE43: 5 | AF43: 1 | AG43: 1 | AH43: 1 | AI43: 2 | AL43: 2 | AM43: 2 | AN43: 100 | AO43: 0 | AP43: 2 | AQ43: 2 | AR43: 2 | AS43: 1 | AT43: 1 | AU43: 1 | AV43: 0 | AW43: 0 | AX43: 0 | AY43: 0 | AZ43: 0 | BA43: 0 | BB43: 0 | BC43: 9 | BD43: 1 | BE43: 1 | BF43: 0 | BG43: 0
A44: Ganapatrao Baset | B44: 76 | C44: 1 | E44: 1 | F44: 1 | G44: 2 | H44: 1 | I44: 2 | J44: 2 | K44: 2 | L44: 2 | M44: 2 | N44: 2 | O44: 13 | P44: 38.8 | Q44: 90.8 | Y44: 148 | AA44: 8 | AB44: 3 | AC44: 1 | AD44: 3 | AE44: 5 | AF44: 1 | AG44: 1 | AH44: 1 | AI44: 2 | AK44: 4 | AL44: 2 | AM44: 2 | AN44: 100 | AO44: 0 | AP44: 0 | AQ44: 0 | AR44: 0 | AS44: 0 | AT44: 0 | AU44: 0 | AV44: 0 | AW44: 1 | AX44: 2 | AY44: 2 | AZ44: 1 | BA44: 1 | BB44: 1 | BC44: 8 | BD44: 1 | BE44: 1 | BF44: 1 | BG44: 0
A45: Bhimshankar Pawar | B45: 81 | C45: 1 | D45: 11 | E45: 1 | F45: 2 | G45: 2 | H45: 2 | I45: 2 | J45: 2 | K45: 2 | L45: 2 | M45: 2 | N45: 2 | O45: 13.4 | P45: 39.1 | Q45: 10.39 | T45: 215 | U45: 139 | V45: 35 | W45: 205 | X45: 41 | AA45: 10 | AB45: 3 | AC45: 1 | AD45: 3 | AE45: 5 | AF45: 1 | AG45: 1 | AI45: 1 | AJ45: 1 | AL45: 2 | AM45: 2 | AN45: 80 | AV45: 0 | AW45: 1 | AX45: 2 | AY45: 2 | AZ45: 1 | BA45: 1 | BB45: 1 | BC45: 8 | BD45: 1 | BE45: 1 | BF45: 0 | BG45: 1
A46: Deepak Tiwari | B46: 70 | C46: 1 | D46: 1 | E46: 1 | F46: 1 | G46: 2 | H46: 1 | I46: 2 | J46: 2 | K46: 2 | L46: 2 | M46: 2 | N46: 2 | O46: 13.5 | P46: 39.3 | Q46: 88.5 | S46: 6.6 | T46: 149 | U46: 97.6 | V46: 32 | W46: 97 | X46: 19.4 | Y46: 304 | AA46: 9 | AB46: 3 | AC46: 1 | AD46: 3 | AE46: 5 | AF46: 1 | AG46: 1 | AH46: 1 | AI46: 2 | AL46: 2 | AM46: 2 | AN46: 100 | AO46: 0 | AP46: 0 | AQ46: 0 | AR46: 0 | AS46: 0 | AT46: 0 | AU46: 0 | AV46: 0 | AW46: 2 | AX46: 2 | AY46: 2 | AZ46: 1 | BA46: 1 | BB46: 1 | BC46: 9 | BD46: 1 | BE46: 1 | BF46: 0 | BG46: 0
A47: Prakash Mugali | B47: 32 | C47: 1 | D47: 1 | E47: 2 | F47: 2 | G47: 2 | H47: 2 | I47: 2 | J47: 2 | K47: 2 | L47: 2 | M47: 2 | N47: 2 | O47: 14.6 | R47: 27 | T47: 237 | U47: 156 | V47: 54 | W47: 133 | X47: 26 | Y47: 156 | AA47: 10 | AB47: 3 | AC47: 1 | AD47: 3 | AE47: 5 | AF47: 1 | AG47: 1 | AH47: 1 | AI47: 2 | AK47: 4 | AL47: 2 | AM47: 2 | AN47: 95 | AO47: 0 | AP47: 0 | AQ47: 0 | AR47: 0 | AS47: 0 | AT47: 0 | AU47: 0 | AV47: 1 | AW47: 2 | AX47: 2 | AY47: 2 | AZ47: 1 | BA47: 1 | BB47: 1 | BC47: 10 | BD47: 0 | BE47: 1 | BF47: 0 | BG47: 1
A48: Smit Sarode | B48: 32 | C48: 1 | D48: 2 | E48: 1 | F48: 2 | G48: 2 | H48: 2 | I48: 2 | J48: 2 | K48: 2 | L48: 2 | M48: 2 | N48: 2 | O48: 15.1 | P48: 45.3 | Q48: 85.9 | R48: 24.49 | S48: 5.2 | Y48: 148 | AA48: 10 | AB48: 3 | AC48: 1 | AD48: 3 | AE48: 5 | AF48: 1 | AG48: 1 | AH48: 1 | AI48: 2 | AK48: 4 | AL48: 2 | AM48: 2 | AN48: 100 | AO48: 1 | AP48: 2 | AQ48: 2 | AR48: 2 | AS48: 1 | AT48: 1 | AU48: 1 | AV48: 0 | AW48: 0 | AX48: 0 | AY48: 0 | AZ48: 0 | BA48: 0 | BB48: 0 | BC48: 10 | BD48: 1 | BE48: 1 | BF48: 0 | BG48: 0
A49: Vikrant Salunkhe | B49: 30 | C49: 1 | D49: 1 | E49: 2 | F49: 2 | G49: 2 | H49: 2 | I49: 2 | J49: 2 | K49: 2 | L49: 2 | M49: 2 | N49: 2 | O49: 15.4 | P49: 46.4 | Q49: 85.9 | R49: 16.4 | T49: 144 | U49: 96.6 | V49: 32 | W49: 77 | X49: 15.4 | Y49: 184 | AA49: 9 | AB49: 3 | AC49: 1 | AD49: 3 | AE49: 5 | AF49: 1 | AG49: 1 | AH49: 1 | AI49: 2 | AL49: 2 | AM49: 2 | AN49: 100 | AO49: 1 | AP49: 2 | AQ49: 2 | AR49: 2 | AS49: 1 | AT49: 1 | AU49: 1 | AV49: 0 | AW49: 0 | AX49: 0 | AY49: 0 | AZ49: 0 | BA49: 0 | BB49: 0 | BC49: 10 | BD49: 1 | BE49: 1 | BF49: 0 | BG49: 0
A50: Padunrang Jadhav | B50: 50 | C50: 1 | D50: 3 | E50: 2 | F50: 1 | G50: 1 | H50: 1 | I50: 2 | J50: 2 | K50: 2 | L50: 2 | M50: 2 | N50: 2 | AA50: 10 | AB50: 3 | AC50: 1 | AD50: 3 | AE50: 5 | AF50: 1 | AG50: 2 | AH50: 2 | AI50: 2 | AL50: 2 | AM50: 2 | AN50: 100 | AO50: 0 | AP50: 0 | AQ50: 0 | AR50: 0 | AS50: 0 | AT50: 0 | AU50: 0 | AV50: 1 | AW50: 2 | AX50: 2 | AY50: 2 | AZ50: 1 | BA50: 1 | BB50: 1 | BC50: 10 | BD50: 1 | BE50: 1 | BF50: 0 | BG50: 0
A51: Rakesh Ghorpade | B51: 50 | C51: 1 | D51: 3 | E51: 1 | F51: 2 | G51: 2 | H51: 2 | I51: 2 | J51: 2 | K51: 2 | L51: 2 | M51: 2 | N51: 2 | O51: 16.2 | P51: 47 | Q51: 96 | R51: 70 | S51: 5.4 | Y51: 153 | AA51: 10 | AB51: 3 | AC51: 1 | AD51: 3 | AE51: 5 | AF51: 1 | AG51: 1 | AH51: 2 | AI51: 1 | AJ51: 1 | AL51: 2 | AM51: 2 | AN51: 85 | AO51: 1 | AP51: 2 | AQ51: 2 | AR51: 2 | AS51: 1 | AT51: 1 | AU51: 1 | AV51: 0 | AW51: 0 | AX51: 0 | AY51: 0 | AZ51: 0 | BA51: 0 | BB51: 0 | BC51: 10 | BD51: 1 | BE51: 1 | BF51: 0 | BG51: 1
A52: Sidhheshwar Fatate | B52: 54 | C52: 1 | D52: 2 | E52: 1 | F52: 2 | G52: 2 | H52: 2 | I52: 2 | J52: 2 | K52: 2 | L52: 2 | M52: 2 | N52: 2 | O52: 13.2 | P52: 39.3 | Q52: 82.9 | R52: 48.66 | T52: 145 | U52: 94.6 | V52: 43 | W52: 37 | X52: 7.4 | Y52: 148 | AA52: 9 | AB52: 3 | AC52: 1 | AD52: 3 | AE52: 5 | AF52: 1 | AG52: 1 | AH52: 1 | AI52: 2 | AL52: 2 | AM52: 2 | AN52: 100 | AO52: 1 | AP52: 2 | AQ52: 2 | AR52: 2 | AS52: 1 | AT52: 1 | AU52: 1 | AV52: 0 | AW52: 0 | AX52: 0 | AY52: 0 | AZ52: 0 | BA52: 0 | BB52: 0 | BC52: 10 | BD52: 1 | BE52: 1 | BF52: 0 | BG52: 0
A53: Subhas G. Devrukhkar | B53: 45 | C53: 1 | D53: 1 | E53: 2 | F53: 1 | G53: 2 | H53: 2 | I53: 2 | J53: 2 | K53: 2 | L53: 2 | M53: 2 | N53: 2 | O53: 14.6 | P53: 43.8 | Q53: 80.5 | R53: 13.4 | S53: 10.9 | T53: 246 | U53: 174.4 | V53: 38 | W53: 168 | X53: 33.6 | AA53: 10 | AB53: 3 | AC53: 1 | AD53: 3 | AE53: 5 | AF53: 1 | AG53: 1 | AH53: 1 | AI53: 2 | AN53: 100 | AO53: 0 | AP53: 0 | AQ53: 0 | AR53: 0 | AS53: 0 | AT53: 0 | AU53: 0 | AV53: 1 | AW53: 2 | AX53: 2 | AY53: 2 | AZ53: 1 | BA53: 1 | BB53: 1 | BC53: 10 | BD53: 1 | BE53: 1 | BF53: 0 | BG53: 0
A54: Ramesh Rao | B54: 77 | C54: 1 | D54: 2 | E54: 2 | F54: 1 | G54: 2 | H54: 2 | I54: 2 | J54: 2 | K54: 2 | L54: 1 | M54: 2 | N54: 2 | O54: 13.3 | P54: 40.2 | Q54: 90.1 | R54: 21.14 | S54: 6.3 | T54: 107 | U54: 50.6 | V54: 41 | W54: 77 | X54: 15.4 | Y54: 425 | AA54: 9 | AB54: 3 | AC54: 1 | AD54: 3 | AE54: 5 | AF54: 1 | AG54: 1 | AH54: 1 | AI54: 2 | AL54: 2 | AM54: 2 | AN54: 80 | AO54: 0 | AP54: 0 | AQ54: 0 | AR54: 0 | AS54: 0 | AT54: 0 | AU54: 0 | AV54: 0 | AW54: 2 | AX54: 2 | AY54: 2 | AZ54: 1 | BA54: 1 | BB54: 1 | BC54: 9 | BD54: 0 | BE54: 0 | BF54: Bilateral CCA plaque | BG54: 1
A55: Yogesh Dhage | B55: 38 | C55: 1 | D55: 3 | E55: 1 | F55: 2 | G55: 2 | H55: 2 | I55: 2 | J55: 2 | K55: 2 | L55: 2 | M55: 2 | N55: 2 | O55: 15.1 | Q55: 82.6 | R55: 18.44 | S55: 5.9 | T55: 168 | U55: 111.2 | V55: 33 | W55: 114 | X55: 23.8 | Y55: 163 | AA55: 9 | AB55: 3 | AC55: 1 | AD55: 3 | AE55: 5 | AF55: 1 | AG55: 1 | AH55: 1 | AI55: 2 | AK55: 4 | AL55: 2 | AM55: 2 | AN55: 65 | AO55: 0 | AP55: 0 | AQ55: 0 | AR55: 0 | AS55: 0 | AT55: 0 | AU55: 0 | AV55: 1 | AW55: 2 | AX55: 2 | AY55: 2 | AZ55: 1 | BA55: 1 | BB55: 1 | BC55: 10 | BD55: 1 | BE55: 0 | BF55: 0 | BG55: 3
A56: Geeta Ajgoakar | B56: 46 | C56: 2 | D56: 4 | E56: 1 | F56: 1 | G56: 2 | H56: 2 | I56: 2 | J56: 2 | K56: 2 | L56: 2 | M56: 2 | N56: 2 | O56: 13.9 | P56: 41.6 | Q56: 86.6 | R56: 7.47 | S56: 13.4 | T56: 296 | U56: 193.6 | V56: 47 | W56: 277 | Y56: 282 | AA56: 9 | AB56: 3 | AC56: 1 | AD56: 3 | AE56: 5 | AF56: 1 | AG56: 1 | AH56: 2 | AI56: 1 | AJ56: 1 | AL56: 2 | AM56: 2 | AN56: 100 | AO56: 0 | AP56: 0 | AQ56: 0 | AR56: 0 | AS56: 0 | AT56: 0 | AU56: 0 | AV56: 0 | AW56: 2 | AX56: 2 | AY56: 2 | AZ56: 1 | BA56: 1 | BB56: 1 | BC56: 9 | BD56: 1 | BE56: 0 | BF56: 0 | BG56: 1
A57: kalburgi siddharam | B57: 69 | C57: 1 | D57: 3 | E57: 1 | F57: 2 | G57: 2 | H57: 2 | I57: 2 | J57: 2 | K57: 2 | L57: 2 | M57: 2 | N57: 2 | AA57: 9 | AB57: 3 | AC57: 1 | AD57: 3 | AE57: 4 | AF57: 1 | AG57: 1 | AH57: 1 | AI57: 2 | AK57: 4 | AL57: 2 | AM57: 2 | AN57: 100 | AO57: 0 | AP57: 0 | AQ57: 0 | AR57: 0 | AS57: 0 | AT57: 0 | AU57: 0 | AV57: 0 | AW57: 1 | AX57: 2 | AY57: 2 | AZ57: 1 | BA57: 1 | BB57: 1 | BC57: 8 | BD57: 1 | BE57: 1 | BF57: 1 | BG57: 0
A58: Eknath Bhavekar | B58: 72 | C58: 1 | D58: 10 | E58: 2 | F58: 2 | G58: 2 | H58: 2 | I58: 2 | J58: 2 | K58: 2 | L58: 2 | M58: 2 | N58: 2 | O58: 12.1 | P58: 43.2 | Q58: 98.6 | R58: 77.57 | S58: 5.3 | T58: 166 | U58: 123.4 | V58: 25 | W58: 88 | X58: 17.6 | Y58: 2000 | AA58: 10 | AB58: 3 | AC58: 1 | AD58: 3 | AE58: 5 | AF58: 1 | AG58: 1 | AH58: 1 | AI58: 2 | AK58: 4 | AL58: 2 | AM58: 2 | AN58: 80 | AO58: 0 | AP58: 0 | AQ58: 0 | AR58: 0 | AS58: 0 | AT58: 0 | AU58: 0 | AV58: 0 | AW58: 1 | AX58: 2 | AY58: 2 | AZ58: 1 | BA58: 1 | BB58: 1 | BC58: 8 | BD58: 0 | BE58: 0 | BF58: 0 | BG58: 2
A59: Omkar Navgive | B59: 21 | C59: 1 | D59: 4 | E59: 2 | F59: 2 | G59: 2 | H59: 1 | I59: 2 | J59: 2 | K59: 2 | L59: 2 | M59: 2 | N59: 2 | AA59: 9 | AB59: 3 | AC59: 1 | AD59: 3 | AE59: 5 | AF59: 1 | AG59: 1 | AH59: 1 | AI59: 2 | AK59: 4 | AL59: 2 | AM59: 2 | AN59: 100 | AO59: 0 | AP59: 0 | AQ59: 0 | AR59: 0 | AS59: 0 | AT59: 0 | AU59: 0 | AV59: 1 | AW59: 2 | AX59: 2 | AY59: 2 | AZ59: 1 | BA59: 1 | BB59: 1 | BC59: 10 | BD59: 0 | BE59: 1 | BF59: 0 | BG59: 0
A60: Sambhaji Shinde | B60: 63 | C60: 1 | D60: 5 | E60: 2 | F60: 2 | G60: 1 | H60: 1 | I60: 2 | J60: 2 | K60: 2 | L60: 2 | M60: 2 | N60: 2 | O60: 13.3 | P60: 41.6 | Q60: 88.7 | R60: 81.18 | S60: 5.8 | T60: 174 | U60: 111.6 | V60: 33 | W60: 147 | X60: 29.4 | Y60: 148 | AA60: 9 | AB60: 3 | AC60: 1 | AD60: 3 | AE60: 5 | AF60: 1 | AG60: 1 | AH60: 1 | AI60: 2 | AL60: 2 | AM60: 2 | AN60: 100 | AO60: 0 | AP60: 0 | AQ60: 0 | AR60: 0 | AS60: 0 | AT60: 0 | AU60: 0 | AV60: 1 | AW60: 2 | AX60: 2 | AY60: 2 | AZ60: 1 | BA60: 1 | BB60: 1 | BC60: 10 | BD60: 1 | BE60: 0 | BF60: Left CCA plaque | BG60: 0
A61: Bhikoba Khotape | B61: 77 | C61: 1 | E61: 2 | F61: 2 | G61: 2 | H61: 2 | I61: 2 | J61: 2 | K61: 1 | L61: 1 | M61: 2 | N61: 2 | O61: 9.6 | P61: 31.9 | Q61: 69.8 | R61: 13.55 | S61: 5.6 | T61: 124 | U61: 70.4 | V61: 35 | W61: 93 | X61: 18.6 | Y61: 191 | AA61: 9 | AB61: 3 | AC61: 1 | AD61: 3 | AE61: 5 | AF61: 1 | AG61: 1 | AH61: 1 | AI61: 2 | AK61: 3 | AL61: 2 | AM61: 2 | AN61: 75 | AO61: 0 | AP61: 0 | AQ61: 0 | AR61: 0 | AS61: 0 | AT61: 0 | AU61: 0 | AV61: 1 | AW61: 1 | AX61: 2 | AY61: 2 | AZ61: 1 | BA61: 1 | BB61: 1 | BC61: 9 | BD61: 0 | BE61: 0 | BF61: 0 | BG61: 0
A62: Vikram Nalkare | B62: 40 | C62: 1 | D62: 3 | E62: 2 | F62: 2 | G62: 2 | H62: 2 | I62: 2 | J62: 2 | K62: 2 | L62: 2 | M62: 2 | N62: 2 | O62: 17.1 | P62: 50.5 | Q62: 79.2 | R62: 30.87 | S62: 6.7 | Y62: 225 | Z62: 153 | AA62: 8 | AB62: 3 | AC62: 1 | AD62: 3 | AE62: 5 | AF62: 1 | AG62: 1 | AH62: 1 | AI62: 2 | AL62: 2 | AM62: 2 | AN62: 100 | AO62: 0 | AP62: 0 | AQ62: 0 | AR62: 0 | AS62: 0 | AT62: 0 | AU62: 0 | AV62: 1 | AW62: 2 | AX62: 2 | AY62: 2 | AZ62: 1 | BA62: 1 | BB62: 1 | BC62: 10 | BD62: 1 | BE62: 1 | BF62: 0 | BG62: 0
A63: Usha Dhende | B63: 50 | C63: 2 | D63: 4 | E63: 2 | F63: 1 | G63: 2 | H63: 1 | I63: 2 | J63: 2 | K63: 2 | L63: 2 | M63: 2 | N63: 2 | O63: 10.5 | P63: 33.9 | Q63: 75.9 | R63: 14.8 | T63: 293 | U63: 207.4 | V63: 73 | W63: 63 | X63: 12.6 | Y63: 194 | AA63: 9 | AB63: 3 | AC63: 1 | AD63: 3 | AE63: 5 | AF63: 1 | AG63: 1 | AH63: 1 | AI63: 2 | AK63: 4 | AM63: 2 | AN63: 95 | AO63: 1 | AP63: 2 | AQ63: 2 | AR63: 2 | AS63: 1 | AT63: 1 | AU63: 1 | AV63: 0 | AW63: 0 | AX63: 0 | AY63: 0 | AZ63: 0 | BA63: 0 | BB63: 0 | BC63: 10 | BD63: 1 | BE63: 1 | BF63: 0 | BG63: 1
A64: Shivaji Chavan | B64: 46 | C64: 1 | D64: 8 | E64: 1 | F64: 1 | G64: 2 | H64: 2 | I64: 2 | J64: 2 | K64: 2 | L64: 2 | M64: 2 | N64: 2 | O64: 11.4 | P64: 36.7 | Q64: 63.4 | R64: 8.71 | S64: 10.4 | T64: 86 | U64: 35.4 | V64: 24 | W64: 133 | X64: 26.6 | Y64: 519 | AA64: 10 | AB64: 3 | AC64: 1 | AD64: 2 | AE64: 5 | AF64: 0 | AG64: 1 | AH64: 1 | AI64: 2 | AL64: 2 | AM64: 2 | AN64: 100 | AO64: 0 | AP64: 0 | AQ64: 0 | AR64: 0 | AS64: 0 | AT64: 0 | AU64: 0 | AV64: 1 | AW64: 2 | AX64: 2 | AY64: 2 | AZ64: 1 | BA64: 1 | BB64: 1 | BC64: 10 | BD64: 1 | BE64: 1 | BF64: 1 | BG64: 1
A65: Shushma Gupta | B65: 63 | C65: 2 | D65: 5 | E65: 1 | F65: 1 | G65: 2 | H65: 2 | I65: 2 | J65: 2 | K65: 2 | L65: 2 | M65: 2 | N65: 2 | O65: 12.4 | P65: 36.8 | Q65: 85.3 | R65: 11.81 | S65: 6.3 | T65: 171 | U65: 94 | V65: 28 | W65: 245 | X65: 49 | AA65: 9 | AB65: 3 | AC65: 1 | AD65: 3 | AE65: 5 | AF65: 1 | AG65: 1 | AH65: 2 | AI65: 1 | AJ65: 2 | AL65: 2 | AM65: 2 | AN65: 65 | AO65: 0 | AP65: 0 | AQ65: 0 | AR65: 0 | AS65: 0 | AT65: 0 | AU65: 0 | AV65: 1 | AW65: 2 | AX65: 2 | AY65: 2 | AZ65: 1 | BA65: 1 | BB65: 1 | BC65: 10 | BD65: 1 | BE65: 1 | BF65: 0 | BG65: 1
A66: Rashid Shaikh | B66: 60 | C66: 2 | D66: 10 | E66: 1 | F66: 2 | G66: 2 | H66: 1 | I66: 2 | J66: 2 | K66: 2 | L66: 2 | M66: 2 | N66: 2 | O66: 14 | P66: 42.3 | Q66: 87.9 | R66: 15.99 | S66: 6 | T66: 231 | U66: 172.4 | V66: 38 | W66: 103 | X66: 20.6 | Y66: 217 | AA66: 9 | AB66: 3 | AC66: 1 | AD66: 3 | AE66: 5 | AF66: 1 | AG66: 1 | AH66: 1 | AI66: 2 | AL66: 2 | AM66: 2 | AN66: 100 | AO66: 0 | AP66: 0 | AQ66: 0 | AR66: 0 | AS66: 0 | AT66: 0 | AU66: 0 | AV66: 1 | AW66: 2 | AX66: 2 | AY66: 2 | AZ66: 1 | BA66: 1 | BB66: 1 | BC66: 10 | BD66: 0 | BE66: 0 | BF66: 0 | BG66: 1
A67: Fenu Dhangekar | B67: 55 | C67: 2 | D67: 3 | E67: 1 | F67: 1 | G67: 2 | H67: 2 | I67: 2 | J67: 2 | K67: 2 | L67: 2 | M67: 2 | N67: 2 | O67: 10 | P67: 32.1 | R67: 19.98 | S67: 10.9 | Y67: 271 | AA67: 9 | AB67: 3 | AC67: 1 | AD67: 3 | AE67: 5 | AF67: 1 | AG67: 1 | AH67: 1 | AI67: 2 | AK67: 4 | AL67: 2 | AM67: 2 | AN67: 100 | AO67: 1 | AP67: 2 | AQ67: 2 | AR67: 2 | AS67: 1 | AT67: 1 | AU67: 1 | AV67: 0 | AW67: 0 | AX67: 0 | AY67: 0 | AZ67: 0 | BA67: 0 | BB67: 0 | BC67: 10 | BD67: 1 | BE67: 1 | BF67: 0 | BG67: 0
A68: Sachin Pandagale | B68: 30 | C68: 1 | D68: 2 | E68: 2 | F68: 2 | G68: 2 | H68: 2 | I68: 2 | J68: 2 | K68: 2 | L68: 2 | M68: 2 | N68: 2 | O68: 16.2 | P68: 47.8 | Q68: 89.6 | R68: 26.39 | S68: 5.6 | T68: 187 | U68: 132 | V68: 23 | W68: 158 | X68: 31.6 | AA68: 10 | AB68: 3 | AC68: 1 | AD68: 3 | AE68: 5 | AF68: 1 | AG68: 1 | AH68: 1 | AI68: 2 | AL68: 2 | AM68: 2 | AN68: 100 | AO68: 0 | AP68: 0 | AQ68: 0 | AR68: 0 | AS68: 0 | AT68: 0 | AU68: 0 | AV68: 1 | AW68: 2 | AX68: 2 | AY68: 2 | AZ68: 1 | BA68: 1 | BB68: 1 | BC68: 10 | BD68: 0 | BE68: 1 | BF68: 0 | BG68: 0
A69: Pawar reshma | B69: 70 | C69: 2 | D69: 2 | E69: 2 | F69: 2 | G69: 2 | H69: 2 | I69: 2 | J69: 2 | K69: 2 | L69: 2 | M69: 2 | N69: 2 | O69: 11.5 | R69: 11 | S69: 6.9 | T69: 218 | U69: 165 | V69: 33 | W69: 100 | X69: 20 | Y69: 310 | AA69: 10 | AB69: 3 | AC69: 1 | AD69: 3 | AE69: 5 | AF69: 1 | AG69: 1 | AH69: 1 | AI69: 2 | AK69: 4 | AL69: 2 | AM69: 2 | AN69: 50 | AO69: 1 | AP69: 2 | AQ69: 2 | AR69: 2 | AS69: 1 | AT69: 1 | AU69: 1 | AV69: 0 | AW69: 0 | AX69: 0 | AY69: 0 | AZ69: 0 | BA69: 0 | BB69: 0 | BC69: 10 | BD69: 1 | BE69: 1 | BF69: 1 | BG69: 2
A70: Ankush Bhame | B70: 58 | C70: 1 | D70: 11 | E70: 2 | F70: 2 | G70: 1 | H70: 2 | I70: 2 | J70: 2 | K70: 2 | L70: 2 | M70: 2 | N70: 2 | O70: 17.2 | P70: 51.1 | Q70: 11.67 | S70: 4.8 | T70: 134 | U70: 78.6 | V70: 46 | W70: 47 | X70: 9.4 | AA70: 9 | AB70: 3 | AC70: 1 | AD70: 3 | AE70: 5 | AF70: 1 | AG70: 1 | AH70: 1 | AI70: 2 | AK70: 4 | AL70: 2 | AM70: 2 | AN70: 70 | AO70: 0 | AP70: 0 | AQ70: 0 | AR70: 0 | AS70: 0 | AT70: 0 | AU70: 0 | AV70: 1 | AW70: 2 | AX70: 2 | AY70: 2 | AZ70: 1 | BA70: 1 | BB70: 1 | BC70: 10 | BD70: 1 | BE70: 1 | BF70: 1 | BG70: 2
A71: Prem singh Janala | B71: 52 | C71: 1 | D71: 8 | E71: 1 | F71: 1 | G71: 1 | H71: 2 | I71: 2 | J71: 2 | K71: 2 | L71: 2 | M71: 2 | N71: 2 | O71: 10.4 | P71: 32.7 | Q71: 75.9 | R71: 9.31 | S71: 10.5 | T71: 277 | V71: 38 | W71: 627 | Y71: 497 | AA71: 9 | AB71: 3 | AC71: 1 | AD71: 3 | AE71: 5 | AF71: 1 | AG71: 1 | AH71: 1 | AI71: 2 | AL71: 2 | AM71: 2 | AN71: 90 | AO71: 0 | AP71: 0 | AQ71: 0 | AR71: 0 | AS71: 0 | AT71: 0 | AU71: 0 | AV71: 0 | AW71: 2 | AX71: 2 | AY71: 2 | AZ71: 1 | BA71: 1 | BB71: 1 | BC71: 9 | BD71: 1 | BE71: 1 | BF71: 0 | BG71: 1
A72: Tanaji Hanehute | B72: 59 | C72: 1 | D72: 3 | E72: 2 | F72: 1 | G72: 1 | H72: 1 | I72: 2 | J72: 2 | K72: 2 | L72: 2 | M72: 2 | N72: 2 | O72: 14.4 | R72: 11.3 | S72: 10.9 | T72: 153 | U72: 88.8 | V72: 47 | W72: 86 | AA72: 9 | AB72: 3 | AC72: 1 | AD72: 3 | AE72: 5 | AF72: 1 | AG72: 1 | AH72: 1 | AI72: 2 | AK72: 4 | AN72: 40 | AO72: 1 | AP72: 2 | AQ72: 2 | AR72: 2 | AS72: 1 | AT72: 1 | AU72: 1 | AV72: 0 | AW72: 0 | AX72: 0 | AY72: 0 | AZ72: 0 | BA72: 0 | BB72: 0 | BC72: 10 | BD72: 1 | BE72: 1 | BF72: 0 | BG72: 4
A73: Satyajeet Adhawade | B73: 40 | C73: 1 | D73: 4 | E73: 1 | F73: 2 | G73: 1 | H73: 1 | I73: 1 | J73: 2 | K73: 2 | L73: 2 | M73: 2 | N73: 2 | O73: 13.6 | P73: 39.7 | Q73: 10.64 | R73: 40.25 | S73: 4.7 | T73: 144 | U73: 87.8 | V73: 43 | W73: 66 | X73: 13.2 | Y73: 2000 | AA73: 8 | AB73: 3 | AC73: 1 | AD73: 3 | AE73: 3 | AF73: 0 | AG73: 1 | AH73: 1 | AI73: 2 | AL73: 2 | AM73: 2 | AN73: 100 | AO73: 1 | AP73: 2 | AQ73: 2 | AR73: 2 | AS73: 1 | AT73: 1 | AU73: 1 | BC73: 10 | BD73: 1 | BE73: 1 | BF73: 1 | BG73: 0
A74: Balu Chorghe | B74: 57 | C74: 1 | D74: 6 | E74: 2 | F74: 2 | G74: 1 | H74: 1 | I74: 1 | J74: 2 | K74: 2 | L74: 2 | M74: 2 | N74: 2 | O74: 10.7 | P74: 35.3 | Q74: 75.2 | R74: 36.47 | S74: 6.4 | T74: 146 | U74: 88 | V74: 38 | W74: 100 | X74: 20 | Y74: 220 | Z74: 20 | AA74: 9 | AB74: 3 | AC74: 1 | AD74: 3 | AE74: 5 | AF74: 1 | AG74: 1 | AH74: 1 | AI74: 2 | AN74: 95 | AO74: 0 | AP74: 0 | AQ74: 0 | AR74: 0 | AS74: 0 | AT74: 0 | AU74: 0 | AV74: 1 | AW74: 2 | AX74: 2 | AY74: 2 | AZ74: 1 | BA74: 1 | BB74: 1 | BC74: 10 | BD74: 1 | BE74: 1 | BF74: 0 | BG74: 1
A75: Laxmibai Mane | B75: 60 | C75: 2 | D75: 8 | E75: 1 | F75: 1 | G75: 2 | H75: 1 | I75: 2 | J75: 2 | K75: 2 | L75: 2 | M75: 2 | N75: 2 | O75: 10.1 | R75: 14 | S75: 8.2 | T75: 176 | U75: 112.6 | V75: 41 | W75: 112 | X75: 22.4 | Y75: 148 | AA75: 9 | AB75: 3 | AC75: 1 | AD75: 3 | AE75: 5 | AF75: 1 | AG75: 1 | AH75: 1 | AI75: 2 | AN75: 90 | AV75: 1 | AW75: 2 | AX75: 2 | AY75: 2 | AZ75: 1 | BA75: 1 | BB75: 1 | BC75: 10 | BD75: 1 | BE75: 1 | BF75: 1 | BG75: 2
A76: Shikrisha Joshi | B76: 77 | C76: 1 | D76: 11 | E76: 1 | F76: 2 | G76: 2 | H76: 2 | I76: 2 | J76: 2 | K76: 2 | L76: 1 | M76: 2 | N76: 1 | O76: 14.4 | P76: 44.2 | Q76: 88.8 | R76: 26.4 | S76: 5.8 | T76: 216 | U76: 156 | V76: 44 | W76: 76 | X76: 15.2 | Y76: 174 | AA76: 9 | AB76: 3 | AC76: 1 | AD76: 3 | AE76: 5 | AF76: 1 | AG76: 1 | AH76: 1 | AI76: 2 | AK76: 4 | AL76: 2 | AM76: 2 | AN76: 0 | AO76: 0 | AP76: 0 | AQ76: 0 | AR76: 0 | AS76: 0 | AT76: 0 | AU76: 0 | AV76: 0 | AW76: 1 | AX76: 2 | AY76: 2 | AZ76: 1 | BA76: 1 | BB76: 1 | BC76: 8 | BD76: 1 | BE76: 1 | BF76: 1 | BG76: 6
A77: Nitin Nanekar | B77: 50 | C77: 1 | D77: 3 | E77: 2 | F77: 2 | G77: 1 | H77: 1 | I77: 2 | J77: 2 | K77: 2 | L77: 2 | M77: 2 | N77: 2 | O77: 12.6 | R77: 13.65 | Y77: 665 | AA77: 10 | AB77: 3 | AC77: 1 | AD77: 3 | AE77: 4 | AF77: 1 | AG77: 1 | AH77: 1 | AI77: 2 | AK77: 4 | AL77: 2 | AM77: 2 | AN77: 100 | AV77: 1 | AW77: 2 | AX77: 2 | AY77: 2 | AZ77: 1 | BA77: 1 | BB77: 1 | BC77: 10 | BD77: 1 | BE77: 1 | BF77: 1 | BG77: 0
A78: Rajiya Shaikh | B78: 50 | C78: 1 | D78: 2 | E78: 1 | F78: 2 | G78: 2 | H78: 2 | I78: 2 | J78: 2 | K78: 2 | L78: 2 | M78: 2 | N78: 2 | AA78: 9 | AB78: 3 | AC78: 1 | AD78: 3 | AE78: 5 | AF78: 1 | AG78: 1 | AH78: 1 | AI78: 2 | AK78: 4 | AL78: 2 | AM78: 2 | AN78: 100 | AO78: 1 | AP78: 2 | AQ78: 2 | AR78: 2 | AS78: 1 | AT78: 1 | AU78: 1 | AV78: 0 | AW78: 0 | AX78: 0 | AY78: 0 | AZ78: 0 | BA78: 0 | BB78: 0 | BC78: 10 | BD78: 1 | BE78: 1 | BF78: 1 | BG78: 0
A79: Santosh Nande | B79: 55 | C79: 1 | D79: 8 | E79: 1 | F79: 1 | G79: 2 | H79: 2 | I79: 2 | J79: 2 | K79: 2 | L79: 1 | M79: 2 | N79: 2 | O79: 13.2 | P79: 39.4 | Q79: 81.4 | R79: 10.9 | S79: 8.5 | T79: 96 | U79: 42.6 | V79: 33 | W79: 102 | X79: 20.4 | Y79: 213 | AA79: 8 | AB79: 3 | AC79: 1 | AD79: 2 | AE79: 4 | AF79: 0 | AG79: 1 | AH79: 2 | AI79: 2 | AL79: 2 | AM79: 1 | AN79: 45 | AO79: 0 | AP79: 2 | AQ79: 2 | AR79: 1 | AS79: 1 | AT79: 1 | AU79: 1 | AV79: 0 | AW79: 0 | AX79: 0 | AY79: 0 | AZ79: 0 | BA79: 0 | BB79: 0 | BC79: 8 | BD79: 1 | BE79: 0 | BF79: Rt CCA thrombus | BG79: 4
A80: Suman Shinde | B80: 65 | C80: 2 | D80: 6 | E80: 2 | F80: 2 | G80: 2 | H80: 1 | I80: 2 | J80: 2 | K80: 1 | L80: 2 | M80: 2 | N80: 2 | O80: 12.3 | P80: 37.2 | Q80: 92.4 | R80: 10.21 | Y80: 2000 | AA80: 10 | AB80: 3 | AC80: 1 | AD80: 3 | AE80: 4 | AF80: 1 | AG80: 1 | AH80: 2 | AI80: 1 | AJ80: 2 | AK80: 3 | AL80: 2 | AM80: 2 | AN80: 100 | AO80: 1 | AP80: 2 | AQ80: 1 | AR80: 2 | AS80: 1 | AT80: 1 | AU80: 1 | AV80: 0 | AW80: 0 | AX80: 0 | AY80: 0 | AZ80: 0 | BA80: 0 | BB80: 0 | BC80: 9 | BD80: 1 | BE80: 1 | BF80: 0 | BG80: 0
A81: Yashodha Devkar | B81: 70 | C81: 2 | D81: 9 | E81: 2 | F81: 2 | G81: 2 | H81: 2 | I81: 2 | J81: 2 | K81: 2 | L81: 2 | M81: 2 | N81: 2 | O81: 10.7 | P81: 32 | Q81: 85 | R81: 29 | S81: 6.3 | Y81: 189 | AA81: 8 | AB81: 3 | AC81: 1 | AD81: 3 | AE81: 5 | AF81: 1 | AG81: 1 | AH81: 1 | AI81: 2 | AL81: 2 | AM81: 2 | AN81: 85 | AO81: 1 | AP81: 2 | AQ81: 2 | AR81: 2 | AS81: 1 | AT81: 1 | AU81: 1 | AV81: 0 | AW81: 0 | AX81: 0 | AY81: 0 | AZ81: 0 | BA81: 0 | BB81: 0 | BC81: 10 | BD81: 1 | BE81: 1 | BF81: 0 | BG81: 1
A82: Bharati Shah | B82: 70 | C82: 2 | D82: 2 | E82: 2 | F82: 2 | G82: 2 | H82: 2 | I82: 2 | J82: 2 | K82: 1 | L82: 2 | M82: 2 | N82: 2 | O82: 15.3 | T82: 209 | U82: 134 | V82: 53 | AA82: 9 | AB82: 3 | AC82: 1 | AD82: 3 | AE82: 5 | AF82: 1 | AG82: 1 | AH82: 2 | AI82: 2 | AK82: 3 | AN82: 90 | AO82: 0 | AP82: 0 | AQ82: 0 | AR82: 0 | AS82: 0 | AT82: 0 | AU82: 0 | AV82: 1 | AW82: 2 | AX82: 2 | AY82: 2 | AZ82: 1 | BA82: 1 | BB82: 1 | BC82: 10 | BD82: 0 | BE82: 1 | BF82: bilateral CCA plaques | BG82: 0
A83: Chandrakant Khandale | B83: 58 | C83: 1 | D83: 2 | E83: 1 | F83: 1 | G83: 2 | H83: 2 | I83: 2 | J83: 2 | K83: 2 | L83: 2 | M83: 2 | N83: 2 | O83: 12.4 | P83: 38.6 | Q83: 83.2 | R83: 18.31 | S83: 9.2 | T83: 115 | U83: 68.2 | V83: 19 | W83: 139 | X83: 27.8 | Y83: 209 | AA83: 10 | AB83: 3 | AC83: 1 | AD83: 3 | AE83: 5 | AF83: 1 | AG83: 1 | AH83: 1 | AI83: 2 | AL83: 2 | AM83: 2 | AN83: 100 | AO83: 0 | AP83: 2 | AQ83: 2 | AR83: 2 | AS83: 1 | AT83: 1 | AU83: 1 | AV83: 0 | AW83: 0 | AX83: 0 | AY83: 0 | AZ83: 0 | BA83: 0 | BB83: 0 | BC83: 9 | BD83: 1 | BE83: 0 | BF83: Right CCA plaque | BG83: 1
A84: Dhondiba Rawade | B84: 72 | C84: 1 | D84: 2 | E84: 2 | F84: 1 | G84: 2 | H84: 1 | I84: 2 | J84: 2 | K84: 2 | L84: 2 | M84: 2 | N84: 2 | O84: 11.8 | P84: 38.8 | Q84: 62.2 | R84: 24.64 | S84: 7.3 | T84: 157 | U84: 107.2 | V84: 24 | W84: 129 | X84: 25.8 | Y84: 657 | AA84: 10 | AB84: 3 | AC84: 1 | AD84: 3 | AE84: 5 | AF84: 1 | AG84: 1 | AH84: 1 | AI84: 2 | AL84: 2 | AM84: 2 | AN84: 100 | AO84: 1 | AP84: 2 | AQ84: 2 | AR84: 2 | AS84: 1 | AT84: 1 | AU84: 1 | BC84: 10 | BD84: 1 | BE84: 1 | BF84: 1 | BG84: 1
A85: Dattatray Jadhav | B85: 69 | C85: 1 | D85: 10 | E85: 1 | F85: 2 | G85: 2 | H85: 2 | I85: 2 | J85: 2 | K85: 1 | L85: 2 | M85: 2 | N85: 2 | O85: 13.6 | P85: 41.4 | Q85: 85 | R85: 27.41 | S85: 6.4 | T85: 97 | U85: 54.6 | V85: 28 | W85: 72 | X85: 14.4 | Y85: 175 | Z85: 290 | AA85: 9 | AB85: 3 | AC85: 1 | AD85: 2 | AE85: 4 | AF85: 0 | AG85: 1 | AH85: 2 | AI85: 1 | AK85: 1 | AL85: 1 | AM85: 2 | AO85: 1 | AP85: 2 | AQ85: 1 | AR85: 2 | AS85: 1 | AT85: 1 | AU85: 1 | AV85: 0 | AW85: 0 | AX85: 0 | AY85: 0 | AZ85: 0 | BA85: 0 | BB85: 0 | BC85: 9 | BD85: 1 | BE85: 1 | BF85: 0 | BG85: 0
A86: Ambadas PAwar | B86: 45 | C86: 1 | D86: 1 | E86: 2 | F86: 2 | G86: 1 | H86: 1 | I86: 2 | J86: 2 | K86: 2 | L86: 2 | M86: 2 | N86: 2 | O86: 17.7 | Q86: 10.56 | R86: 45.5 | S86: 5.1 | T86: 190 | U86: 103 | V86: 28 | W86: 293 | X86: 58 | Y86: 35 | AA86: 10 | AB86: 3 | AC86: 1 | AD86: 3 | AE86: 5 | AF86: 1 | AG86: 1 | AH86: 1 | AI86: 2 | AL86: 2 | AM86: 2 | AN86: 100 | AO86: 0 | AP86: 1 | AQ86: 1 | AR86: 2 | AS86: 1 | AT86: 1 | AU86: 1 | AV86: 0 | AW86: 0 | AX86: 0 | AY86: 0 | AZ86: 0 | BA86: 0 | BB86: 0 | BC86: 7 | BD86: 1 | BE86: 0 | BF86: 0 | BG86: 0
A87: Rajani Dahrashivkar | B87: 62 | C87: 2 | D87: 12 | E87: 1 | F87: 2 | G87: 2 | H87: 1 | I87: 2 | J87: 2 | K87: 2 | L87: 2 | M87: 2 | N87: 2 | O87: 12.5 | P87: 37.3 | Q87: 10.66 | R87: 46.2 | S87: 6.1 | T87: 210 | U87: 151.4 | V87: 40 | W87: 93 | X87: 18.6 | Y87: 221 | AA87: 7 | AB87: 3 | AC87: 1 | AD87: 3 | AE87: 5 | AF87: 1 | AG87: 1 | AH87: 1 | AI87: 2 | AL87: 2 | AM87: 2 | AN87: 80 | AO87: 1 | AP87: 2 | AQ87: 2 | AR87: 2 | AS87: 1 | AT87: 1 | AU87: 1 | AV87: 0 | AW87: 0 | AX87: 0 | AY87: 0 | AZ87: 0 | BA87: 0 | BB87: 0 | BC87: 10 | BD87: 1 | BE87: 1 | BF87: 0 | BG87: 1
A88: Surekha Kale | B88: 56 | C88: 2 | D88: 10 | E88: 1 | F88: 1 | G88: 2 | H88: 1 | I88: 2 | J88: 2 | K88: 2 | L88: 2 | M88: 2 | N88: 2 | O88: 12.8 | P88: 40.7 | Q88: 82.7 | R88: 12.81 | S88: 7 | T88: 207 | U88: 148 | V88: 40 | W88: 95 | X88: 19 | Y88: 224 | Z88: 19 | AA88: 8 | AB88: 3 | AC88: 1 | AD88: 3 | AE88: 4 | AF88: 1 | AG88: 1 | AH88: 1 | AI88: 2 | AL88: 2 | AM88: 2 | AN88: 95 | AO88: 0 | AP88: 0 | AQ88: 0 | AR88: 0 | AS88: 0 | AT88: 0 | AU88: 0 | AV88: 1 | AW88: 2 | AX88: 2 | AY88: 2 | AZ88: 1 | BA88: 1 | BB88: 1 | BC88: 10 | BD88: 1 | BE88: 0 | BF88: left CCA plaque | BG88: 0
A89: Asha devgirikar | B89: 75 | C89: 2 | D89: 5 | E89: 1 | F89: 2 | G89: 2 | H89: 1 | I89: 2 | J89: 2 | K89: 2 | L89: 2 | M89: 2 | N89: 2 | O89: 11.4 | R89: 7.8 | S89: 8.4 | T89: 224 | U89: 156 | V89: 45 | W89: 115 | X89: 23 | Y89: 383 | AA89: 10 | AB89: 3 | AC89: 1 | AD89: 3 | AE89: 5 | AF89: 1 | AG89: 1 | AH89: 1 | AI89: 1 | AJ89: 1 | AK89: 4 | AL89: 2 | AM89: 2 | AN89: 95 | AO89: 1 | AP89: 2 | AQ89: 2 | AR89: 2 | AS89: 1 | AT89: 1 | AU89: 1 | AV89: 0 | AW89: 0 | AX89: 0 | AY89: 0 | AZ89: 0 | BA89: 0 | BB89: 0 | BC89: 10 | BD89: 1 | BE89: 1 | BF89: 1 | BG89: 0
A90: Vimal B Khopade | B90: 72 | C90: 2 | D90: 7 | O90: 11.5 | P90: 32.8 | Q90: 89 | R90: 25 | S90: 5.5 | Y90: 148 | AA90: 9 | AB90: 3 | AC90: 1 | AD90: 3 | AE90: 5 | AF90: 1 | AG90: 1 | AH90: 1 | AI90: 1 | AJ90: 1 | AN90: 60 | AO90: 1 | AP90: 2 | AQ90: 2 | AR90: 2 | AS90: 1 | AT90: 1 | AU90: 1 | AV90: 0 | AW90: 0 | AX90: 0 | AY90: 0 | AZ90: 0 | BA90: 0 | BB90: 0 | BC90: 10 | BD90: 1 | BE90: 1 | BF90: 0 | BG90: 3
A91: Moni M Chakrawarti | B91: 61 | C91: 2 | D91: 25 | E91: 1 | F91: 1 | G91: 2 | H91: 2 | I91: 2 | J91: 2 | K91: 2 | L91: 2 | M91: 2 | N91: 2 | O91: 9.3 | P91: 28.4 | Q91: 82 | R91: 14.96 | S91: 6 | T91: 221 | U91: 156.8 | V91: 29 | W91: 176 | X91: 35.2 | Y91: 352 | AA91: 7 | AB91: 3 | AC91: 1 | AD91: 3 | AE91: 5 | AF91: 1 | AG91: 2 | AH91: 2 | AI91: 2 | AK91: 2 | AL91: 2 | AM91: 2 | AN91: 0 | AO91: 1 | AP91: 2 | AQ91: 2 | AR91: 2 | AS91: 1 | AT91: 1 | AU91: 1 | AV91: 0 | AW91: 0 | AX91: 0 | AY91: 0 | AZ91: 0 | BA91: 0 | BB91: 0 | BC91: 10 | BD91: 1 | BE91: 1 | BF91: 0 | BG91: 6
A92: Kantilal Kudale | B92: 74 | C92: 1 | D92: 15 | E92: 1 | F92: 1 | G92: 2 | H92: 2 | I92: 2 | J92: 2 | K92: 2 | L92: 2 | M92: 2 | N92: 2 | O92: 9.9 | P92: 30.3 | Q92: 85.9 | R92: 16.74 | S92: 7.6 | T92: 148 | U92: 67.4 | V92: 34 | W92: 233 | X92: 46.6 | Y92: 286 | AA92: 9 | AB92: 3 | AC92: 1 | AD92: 3 | AE92: 5 | AF92: 1 | AG92: 1 | AH92: 1 | AI92: 2 | AL92: 2 | AM92: 2 | AN92: 100 | AO92: 0 | AP92: 0 | AQ92: 0 | AR92: 0 | AS92: 0 | AT92: 0 | AU92: 0 | AV92: 0 | AW92: 1 | AX92: 2 | AY92: 2 | AZ92: 1 | BA92: 1 | BB92: 1 | BC92: 8 | BD92: 0 | BE92: 0 | BF92: 0 | BG92: 0
A93: Balasaheb Jadhav | B93: 85 | C93: 1 | D93: 7 | E93: 1 | F93: 2 | G93: 2 | H93: 1 | I93: 2 | J93: 2 | K93: 2 | L93: 2 | M93: 2 | N93: 2 | AA93: 8 | AB93: 3 | AC93: 1 | AD93: 3 | AE93: 5 | AF93: 1 | AG93: 1 | AH93: 1 | AI93: 2 | AK93: 4 | AL93: 2 | AM93: 2 | AN93: 85 | AO93: 0 | AP93: 0 | AQ93: 0 | AR93: 0 | AS93: 0 | AT93: 0 | AU93: 0 | AV93: 1 | AW93: 1 | AX93: 2 | AY93: 2 | AZ93: 1 | BA93: 1 | BB93: 1 | BC93: 9 | BD93: 1 | BE93: 1 | BF93: 0 | BG93: 1
A94: Keshav Bhanage | B94: 80 | C94: 1 | D94: 6 | E94: 2 | F94: 1 | G94: 2 | H94: 2 | I94: 1 | J94: 2 | K94: 2 | L94: 2 | M94: 2 | N94: 2 | O94: 13.2 | P94: 41 | Q94: 92 | R94: 43.6 | S94: 10.6 | T94: 177 | U94: 100 | V94: 35 | W94: 210 | Y94: 148 | AA94: 7 | AB94: 3 | AC94: 1 | AD94: 3 | AE94: 5 | AF94: 1 | AG94: 1 | AH94: 1 | AI94: 2 | AK94: 4 | AL94: 2 | AM94: 2 | AN94: 95 | AO94: 0 | AP94: 2 | AQ94: 2 | AR94: 2 | AS94: 1 | AT94: 0 | AU94: 1 | AV94: 0 | AW94: 0 | AX94: 0 | AY94: 0 | AZ94: 0 | BA94: 0 | BB94: 0 | BC94: 8 | BD94: 1 | BE94: 1 | BF94: 0 | BG94: 1
A95: Kumar Mahasawade | B95: 76 | C95: 1 | D95: 3 | E95: 1 | F95: 2 | G95: 2 | H95: 2 | I95: 2 | J95: 2 | K95: 2 | L95: 2 | M95: 2 | N95: 1 | O95: 14.9 | R95: 11.5 | T95: 105 | U95: 42 | V95: 42 | W95: 102 | X95: 20 | Y95: 1888 | AA95: 9 | AB95: 3 | AC95: 1 | AD95: 3 | AE95: 5 | AF95: 1 | AG95: 1 | AH95: 2 | AI95: 2 | AK95: 4 | AL95: 2 | AM95: 2 | AN95: 100 | AO95: 1 | AP95: 2 | AQ95: 2 | AR95: 2 | AS95: 1 | AT95: 1 | AU95: 1 | BC95: 10 | BD95: 1 | BE95: 1 | BF95: 1 | BG95: 0
A96: Sattyawan Taro | B96: 56 | C96: 1 | D96: 2 | E96: 2 | F96: 1 | G96: 2 | H96: 2 | I96: 2 | J96: 2 | K96: 2 | L96: 2 | M96: 2 | N96: 2 | O96: 15.1 | R96: 30.87 | S96: 17.1 | Y96: 183 | AA96: 9 | AB96: 3 | AC96: 1 | AD96: 3 | AE96: 5 | AF96: 1 | AG96: 1 | AH96: 1 | AI96: 2 | AL96: 2 | AM96: 2 | AN96: 85 | AO96: 0 | AP96: 0 | AQ96: 0 | AR96: 0 | AS96: 0 | AT96: 0 | AU96: 0 | AV96: 1 | AW96: 1 | AX96: 2 | AY96: 2 | AZ96: 1 | BA96: 1 | BB96: 1 | BC96: 9 | BD96: 1 | BE96: 1 | BF96: 0 | BG96: 1
A97: Prakash PAwar | B97: 54 | C97: 1 | D97: 3 | E97: 2 | F97: 1 | G97: 2 | H97: 2 | I97: 2 | J97: 2 | K97: 2 | L97: 2 | M97: 2 | N97: 2 | O97: 15.5 | P97: 45.7 | Q97: 86.9 | R97: 13 | S97: 7.6 | T97: 197 | U97: 140 | V97: 26 | W97: 155 | X97: 31 | Y97: 213 | AA97: 9 | AB97: 3 | AC97: 1 | AD97: 3 | AE97: 5 | AF97: 1 | AG97: 1 | AH97: 1 | AI97: 2 | AL97: 2 | AM97: 2 | AN97: 100 | AO97: 0 | AP97: 0 | AQ97: 2 | AR97: 2 | AS97: 1 | AT97: 1 | AU97: 1 | BC97: 7 | BD97: 1 | BE97: 0 | BF97: 1 | BG97: 0
A98: Shriganesh Dhere | B98: 50 | C98: 1 | D98: 9 | E98: 1 | F98: 2 | G98: 2 | H98: 2 | I98: 1 | J98: 2 | K98: 2 | L98: 2 | M98: 2 | N98: 2 | O98: 15.8 | R98: 10.83 | S98: 6.2 | Y98: 911 | AA98: 9 | AB98: 3 | AC98: 1 | AD98: 3 | AE98: 5 | AF98: 1 | AG98: 1 | AH98: 1 | AI98: 2 | AK98: 4 | AL98: 2 | AM98: 2 | AN98: 100 | AO98: 1 | AP98: 1 | AQ98: 2 | AR98: 2 | AS98: 1 | AT98: 1 | AU98: 1 | AV98: 0 | AW98: 0 | AX98: 0 | AY98: 0 | AZ98: 0 | BA98: 0 | BB98: 0 | BC98: 9 | BD98: 1 | BE98: 1 | BF98: 1 | BG98: 0
A99: Subhash R Bhagawat | B99: 55 | C99: 2 | D99: 8 | E99: 1 | F99: 1 | G99: 2 | H99: 2 | I99: 2 | J99: 2 | K99: 2 | L99: 2 | M99: 2 | N99: 2 | O99: 10.4 | P99: 32.4 | Q99: 83.5 | R99: 16.39 | S99: 5.8 | T99: 186 | U99: 130.2 | V99: 34 | W99: 109 | X99: 21.8 | Y99: 148 | AA99: 10 | AB99: 3 | AC99: 1 | AD99: 3 | AE99: 5 | AF99: 1 | AG99: 1 | AH99: 1 | AI99: 2 | AO99: 0 | AP99: 0 | AQ99: 0 | AR99: 0 | AS99: 0 | AT99: 0 | AU99: 0 | AV99: 0 | AW99: 0 | AX99: 0 | AY99: 0 | AZ99: 0 | BA99: 0 | BB99: 0 | BC99: 0 | BD99: 0 | BE99: 0 | BF99: 0 | BG99: 0
A100: Sainath S Vakode | B100: 33 | C100: 1 | D100: 9 | E100: 1 | F100: 2 | G100: 1 | H100: 2 | I100: 1 | J100: 2 | K100: 2 | L100: 1 | M100: 2 | N100: 1 | O100: 15.9 | P100: 49.5 | Q100: 90 | R100: 39.44 | S100: 5.9 | T100: 167 | U100: 107 | V100: 31 | W100: 142 | X100: 28.4 | Y100: 207 | AA100: 10 | AB100: 3 | AC100: 1 | AD100: 3 | AE100: 4 | AF100: 1 | AG100: 1 | AH100: 2 | AI100: 1 | AJ100: 2 | AK100: 1 | AN100: 95 | AO100: 0 | AP100: 0 | AQ100: 0 | AR100: 0 | AS100: 0 | AT100: 0 | AU100: 0 | AV100: 1 | AW100: 2 | AX100: 2 | AY100: 2 | AZ100: 1 | BA100: 0 | BB100: 1 | BC100: 9 | BD100: 1 | BE100: 1 | BF100: 0 | BG100: 1
...

Sheet Collateral Calc
A1: Mass | B1: TAN | C1: MIFFECT | D1: MCT Angio
A2: TAN | B2: MAS | C2: MITEFF | D2: MCTA
A3: V39 | B3: V41 | C3: V40 | D3: V42 | E3: COLLATERAL | F3: TAN | G3: MAS | H3: MITEFF | I3: MCTA
A4: 1 | B4: 2 | C4: 1 | D4: 4 | E4: =IF(OR((A4=2), (B4<=2),(C4<=2),(D4<=3)),"Poor","Good") -> Poor | F4: =IF(A4=2,"Poor","Good") -> Good | G4: =IF(B4<=2,"Poor","Good") -> Poor | H4: =IF(C4<=2,"Poor","Good") -> Poor | I4: =IF(D4<=3,"Poor","Good") -> Good
A5: 1 | B5: 2 | C5: 2 | D5: 2 | E5: =IF(OR((A5=2), (B5<=2),(C5<=2),(D5<=3)),"Poor","Good") -> Poor | F5: =IF(A5=2,"Poor","Good") -> Good | G5: =IF(B5<=2,"Poor","Good") -> Poor | H5: =IF(C5<=2,"Poor","Good") -> Poor | I5: =IF(D5<=3,"Poor","Good") -> Poor
A6: 1 | B6: 2 | C6: 1 | D6: 1 | E6: =IF(OR((A6=2), (B6<=2),(C6<=2),(D6<=3)),"Poor","Good") -> Poor | F6: =IF(A6=2,"Poor","Good") -> Good | G6: =IF(B6<=2,"Poor","Good") -> Poor | H6: =IF(C6<=2,"Poor","Good") -> Poor | I6: =IF(D6<=3,"Poor","Good") -> Poor
A7: 1 | B7: 2 | C7: 1 | D7: 1 | E7: =IF(OR((A7=2), (B7<=2),(C7<=2),(D7<=3)),"Poor","Good") -> Poor | F7: =IF(A7=2,"Poor","Good") -> Good | G7: =IF(B7<=2,"Poor","Good") -> Poor | H7: =IF(C7<=2,"Poor","Good") -> Poor | I7: =IF(D7<=3,"Poor","Good") -> Poor
A8: 2 | B8: 1 | C8: 2 | D8: 5 | E8: =IF(OR((A8=2), (B8<=2),(C8<=2),(D8<=3)),"Poor","Good") -> Poor | F8: =IF(A8=2,"Poor","Good") -> Poor | G8: =IF(B8<=2,"Poor","Good") -> Poor | H8: =IF(C8<=2,"Poor","Good") -> Poor | I8: =IF(D8<=3,"Poor","Good") -> Good
A9: 2 | B9: 1 | C9: 2 | D9: 4 | E9: =IF(OR((A9=2), (B9<=2),(C9<=2),(D9<=3)),"Poor","Good") -> Poor | F9: =IF(A9=2,"Poor","Good") -> Poor | G9: =IF(B9<=2,"Poor","Good") -> Poor | H9: =IF(C9<=2,"Poor","Good") -> Poor | I9: =IF(D9<=3,"Poor","Good") -> Good
A10: 2 | B10: 1 | C10: 3 | D10: 4 | E10: =IF(OR((A10=2), (B10<=2),(C10<=2),(D10<=3)),"Poor","Good") -> Poor | F10: =IF(A10=2,"Poor","Good") -> Poor | G10: =IF(B10<=2,"Poor","Good") -> Poor | H10: =IF(C10<=2,"Poor","Good") -> Good | I10: =IF(D10<=3,"Poor","Good") -> Good
A11: 2 | B11: 2 | C11: 2 | D11: 3 | E11: =IF(OR((A11=2), (B11<=2),(C11<=2),(D11<=3)),"Poor","Good") -> Poor | F11: =IF(A11=2,"Poor","Good") -> Poor | G11: =IF(B11<=2,"Poor","Good") -> Poor | H11: =IF(C11<=2,"Poor","Good") -> Poor | I11: =IF(D11<=3,"Poor","Good") -> Poor
A12: 2 | B12: 2 | C12: 1 | D12: 4 | E12: =IF(OR((A12=2), (B12<=2),(C12<=2),(D12<=3)),"Poor","Good") -> Poor | F12: =IF(A12=2,"Poor","Good") -> Poor | G12: =IF(B12<=2,"Poor","Good") -> Poor | H12: =IF(C12<=2,"Poor","Good") -> Poor | I12: =IF(D12<=3,"Poor","Good") -> Good
A13: 2 | B13: 2 | C13: 3 | D13: 4 | E13: =IF(OR((A13=2), (B13<=2),(C13<=2),(D13<=3)),"Poor","Good") -> Poor | F13: =IF(A13=2,"Poor","Good") -> Poor | G13: =IF(B13<=2,"Poor","Good") -> Poor | H13: =IF(C13<=2,"Poor","Good") -> Good | I13: =IF(D13<=3,"Poor","Good") -> Good
A14: 2 | B14: 1 | C14: 3 | D14: 4 | E14: =IF(OR((A14=2), (B14<=2),(C14<=2),(D14<=3)),"Poor","Good") -> Poor | F14: =IF(A14=2,"Poor","Good") -> Poor | G14: =IF(B14<=2,"Poor","Good") -> Poor | H14: =IF(C14<=2,"Poor","Good") -> Good | I14: =IF(D14<=3,"Poor","Good") -> Good
A15: 2 | B15: 2 | C15: 2 | D15: 4 | E15: =IF(OR((A15=2), (B15<=2),(C15<=2),(D15<=3)),"Poor","Good") -> Poor | F15: =IF(A15=2,"Poor","Good") -> Poor | G15: =IF(B15<=2,"Poor","Good") -> Poor | H15: =IF(C15<=2,"Poor","Good") -> Poor | I15: =IF(D15<=3,"Poor","Good") -> Good
... A133: 1 | B133: 3 | C133: 3 | D133: 4 | E133: =IF(OR((A133=2), (B133<=2),(C133<=2),(D133<=3)),"Poor","Good") -> Good | F133: =IF(A133=2,"Poor","Good") -> Good | G133: =IF(B133<=2,"Poor","Good") -> Good | H133: =IF(C133<=2,"Poor","Good") -> Good | I133: =IF(D133<=3,"Poor","Good") -> Good
A134: 2 | B134: 3 | C134: 1 | E134: =IF(OR((A134=2), (B134<=2),(C134<=2),(D134<=3)),"Poor","Good") -> Poor | F134: =IF(A134=2,"Poor","Good") -> Poor | G134: =IF(B134<=2,"Poor","Good") -> Good | H134: =IF(C134<=2,"Poor","Good") -> Poor | I134: =IF(D134<=3,"Poor","Good") -> Poor
A135: 1 | B135: 3 | C135: 2 | D135: 5 | E135: =IF(OR((A135=2), (B135<=2),(C135<=2),(D135<=3)),"Poor","Good") -> Poor | F135: =IF(A135=2,"Poor","Good") -> Good | G135: =IF(B135<=2,"Poor","Good") -> Good | H135: =IF(C135<=2,"Poor","Good") -> Poor | I135: =IF(D135<=3,"Poor","Good") -> Good
A136: 1 | B136: 3 | C136: 3 | D136: 5 | E136: =IF(OR((A136=2), (B136<=2),(C136<=2),(D136<=3)),"Poor","Good") -> Good | F136: =IF(A136=2,"Poor","Good") -> Good | G136: =IF(B136<=2,"Poor","Good") -> Good | H136: =IF(C136<=2,"Poor","Good") -> Good | I136: =IF(D136<=3,"Poor","Good") -> Good
A137: 1 | B137: 3 | C137: 3 | D137: 5 | E137: =IF(OR((A137=2), (B137<=2),(C137<=2),(D137<=3)),"Poor","Good") -> Good | F137: =IF(A137=2,"Poor","Good") -> Good | G137: =IF(B137<=2,"Poor","Good") -> Good | H137: =IF(C137<=2,"Poor","Good") -> Good | I137: =IF(D137<=3,"Poor","Good") -> Good
A138: 2 | B138: 3 | C138: 3 | D138: 5 | E138: =IF(OR((A138=2), (B138<=2),(C138<=2),(D138<=3)),"Poor","Good") -> Poor | F138: =IF(A138=2,"Poor","Good") -> Poor | G138: =IF(B138<=2,"Poor","Good") -> Good | H138: =IF(C138<=2,"Poor","Good") -> Good | I138: =IF(D138<=3,"Poor","Good") -> Good
A139: 1 | B139: 3 | C139: 3 | D139: 5 | E139: =IF(OR((A139=2), (B139<=2),(C139<=2),(D139<=3)),"Poor","Good") -> Good | F139: =IF(A139=2,"Poor","Good") -> Good | G139: =IF(B139<=2,"Poor","Good") -> Good | H139: =IF(C139<=2,"Poor","Good") -> Good | I139: =IF(D139<=3,"Poor","Good") -> Good
A140: 1 | B140: 3 | C140: 3 | D140: 5 | E140: =IF(OR((A140=2), (B140<=2),(C140<=2),(D140<=3)),"Poor","Good") -> Good | F140: =IF(A140=2,"Poor","Good") -> Good | G140: =IF(B140<=2,"Poor","Good") -> Good | H140: =IF(C140<=2,"Poor","Good") -> Good | I140: =IF(D140<=3,"Poor","Good") -> Good
A141: 1 | B141: 3 | C141: 3 | D141: 5 | E141: =IF(OR((A141=2), (B141<=2),(C141<=2),(D141<=3)),"Poor","Good") -> Good | F141: =IF(A141=2,"Poor","Good") -> Good | G141: =IF(B141<=2,"Poor","Good") -> Good | H141: =IF(C141<=2,"Poor","Good") -> Good | I141: =IF(D141<=3,"Poor","Good") -> Good
A142: 1 | B142: 3 | C142: 3 | D142: 5 | E142: =IF(OR((A142=2), (B142<=2),(C142<=2),(D142<=3)),"Poor","Good") -> Good | F142: =IF(A142=2,"Poor","Good") -> Good | G142: =IF(B142<=2,"Poor","Good") -> Good | H142: =IF(C142<=2,"Poor","Good") -> Good | I142: =IF(D142<=3,"Poor","Good") -> Good
A143: 1 | B143: 3 | C143: 3 | D143: 5 | E143: =IF(OR((A143=2), (B143<=2),(C143<=2),(D143<=3)),"Poor","Good") -> Good | F143: =IF(A143=2,"Poor","Good") -> Good | G143: =IF(B143<=2,"Poor","Good") -> Good | H143: =IF(C143<=2,"Poor","Good") -> Good | I143: =IF(D143<=3,"Poor","Good") -> Good
A144: 1 | B144: 3 | C144: 3 | D144: 5 | E144: =IF(OR((A144=2), (B144<=2),(C144<=2),(D144<=3)),"Poor","Good") -> Good | F144: =IF(A144=2,"Poor","Good") -> Good | G144: =IF(B144<=2,"Poor","Good") -> Good | H144: =IF(C144<=2,"Poor","Good") -> Good | I144: =IF(D144<=3,"Poor","Good") -> Good
A145: 1 | B145: 3 | C145: 3 | D145: 5 | E145: =IF(OR((A145=2), (B145<=2),(C145<=2),(D145<=3)),"Poor","Good") -> Good | F145: =IF(A145=2,"Poor","Good") -> Good | G145: =IF(B145<=2,"Poor","Good") -> Good | H145: =IF(C145<=2,"Poor","Good") -> Good | I145: =IF(D145<=3,"Poor","Good") -> Good
B146: 3 | C146: 3 | D146: 5 | E146: =IF(OR((A146=2), (B146<=2),(C146<=2),(D146<=3)),"Poor","Good") -> Good | F146: =IF(A146=2,"Poor","Good") -> Good | G146: =IF(B146<=2,"Poor","Good") -> Good | H146: =IF(C146<=2,"Poor","Good") -> Good | I146: =IF(D146<=3,"Poor","Good") -> Good
A147: 1 | B147: 3 | C147: 3 | D147: 5 | E147: =IF(OR((A147=2), (B147<=2),(C147<=2),(D147<=3)),"Poor","Good") -> Good | F147: =IF(A147=2,"Poor","Good") -> Good | G147: =IF(B147<=2,"Poor","Good") -> Good | H147: =IF(C147<=2,"Poor","Good") -> Good | I147: =IF(D147<=3,"Poor","Good") -> Good
A148: 1 | B148: 3 | C148: 3 | D148: 5 | E148: =IF(OR((A148=2), (B148<=2),(C148<=2),(D148<=3)),"Poor","Good") -> Good | F148: =IF(A148=2,"Poor","Good") -> Good | G148: =IF(B148<=2,"Poor","Good") -> Good | H148: =IF(C148<=2,"Poor","Good") -> Good | I148: =IF(D148<=3,"Poor","Good") -> Good
A149: 1 | B149: 3 | C149: 3 | D149: 5 | E149: =IF(OR((A149=2), (B149<=2),(C149<=2),(D149<=3)),"Poor","Good") -> Good | F149: =IF(A149=2,"Poor","Good") -> Good | G149: =IF(B149<=2,"Poor","Good") -> Good | H149: =IF(C149<=2,"Poor","Good") -> Good | I149: =IF(D149<=3,"Poor","Good") -> Good
A150: 1 | B150: 4 | C150: 3 | D150: 5 | E150: =IF(OR((A150=2), (B150<=2),(C150<=2),(D150<=3)),"Poor","Good") -> Good | F150: =IF(A150=2,"Poor","Good") -> Good | G150: =IF(B150<=2,"Poor","Good") -> Good | H150: =IF(C150<=2,"Poor","Good") -> Good | I150: =IF(D150<=3,"Poor","Good") -> Good
A151: 1 | B151: 4 | C151: 3 | D151: 5 | E151: =IF(OR((A151=2), (B151<=2),(C151<=2),(D151<=3)),"Poor","Good") -> Good | F151: =IF(A151=2,"Poor","Good") -> Good | G151: =IF(B151<=2,"Poor","Good") -> Good | H151: =IF(C151<=2,"Poor","Good") -> Good | I151: =IF(D151<=3,"Poor","Good") -> Good
A152: 1 | B152: 4 | C152: 3 | D152: 5 | E152: =IF(OR((A152=2), (B152<=2),(C152<=2),(D152<=3)),"Poor","Good") -> Good | F152: =IF(A152=2,"Poor","Good") -> Good | G152: =IF(B152<=2,"Poor","Good") -> Good | H152: =IF(C152<=2,"Poor","Good") -> Good | I152: =IF(D152<=3,"Poor","Good") -> Good
A153: 1 | B153: 4 | C153: 3 | D153: 5 | E153: =IF(OR((A153=2), (B153<=2),(C153<=2),(D153<=3)),"Poor","Good") -> Good | F153: =IF(A153=2,"Poor","Good") -> Good | G153: =IF(B153<=2,"Poor","Good") -> Good | H153: =IF(C153<=2,"Poor","Good") -> Good | I153: =IF(D153<=3,"Poor","Good") -> Good
A154: 1 | B154: 4 | C154: 3 | D154: 5 | E154: =IF(OR((A154=2), (B154<=2),(C154<=2),(D154<=3)),"Poor","Good") -> Good | F154: =IF(A154=2,"Poor","Good") -> Good | G154: =IF(B154<=2,"Poor","Good") -> Good | H154: =IF(C154<=2,"Poor","Good") -> Good | I154: =IF(D154<=3,"Poor","Good") -> Good
A155: 1 | B155: 4 | C155: 3 | D155: 5 | E155: =IF(OR((A155=2), (B155<=2),(C155<=2),(D155<=3)),"Poor","Good") -> Good | F155: =IF(A155=2,"Poor","Good") -> Good | G155: =IF(B155<=2,"Poor","Good") -> Good | H155: =IF(C155<=2,"Poor","Good") -> Good | I155: =IF(D155<=3,"Poor","Good") -> Good
A156: 1 | B156: 4 | C156: 3 | D156: 5 | E156: =IF(OR((A156=2), (B156<=2),(C156<=2),(D156<=3)),"Poor","Good") -> Good | F156: =IF(A156=2,"Poor","Good") -> Good | G156: =IF(B156<=2,"Poor","Good") -> Good | H156: =IF(C156<=2,"Poor","Good") -> Good | I156: =IF(D156<=3,"Poor","Good") -> Good
A157: 1 | B157: 4 | C157: 3 | D157: 5 | E157: =IF(OR((A157=2), (B157<=2),(C157<=2),(D157<=3)),"Poor","Good") -> Good | F157: =IF(A157=2,"Poor","Good") -> Good | G157: =IF(B157<=2,"Poor","Good") -> Good | H157: =IF(C157<=2,"Poor","Good") -> Good | I157: =IF(D157<=3,"Poor","Good") -> Good
A158: 1 | B158: 4 | C158: 3 | D158: 5 | E158: =IF(OR((A158=2), (B158<=2),(C158<=2),(D158<=3)),"Poor","Good") -> Good | F158: =IF(A158=2,"Poor","Good") -> Good | G158: =IF(B158<=2,"Poor","Good") -> Good | H158: =IF(C158<=2,"Poor","Good") -> Good | I158: =IF(D158<=3,"Poor","Good") -> Good
... A187: 1 | B187: 5 | C187: 3 | D187: 5 | E187: =IF(OR((A187=2), (B187<=2),(C187<=2),(D187<=3)),"Poor","Good") -> Good | F187: =IF(A187=2,"Poor","Good") -> Good | G187: =IF(B187<=2,"Poor","Good") -> Good | H187: =IF(C187<=2,"Poor","Good") -> Good | I187: =IF(D187<=3,"Poor","Good") -> Good

Sheet CORREL-MRS-CBS-NIHSS
B1: clot burden score | C1: MRS | D1: NIHSS
A2: clot burden score | B2: 1
A3: MRS | B3: -0.25611413 | C3: 1
A4: NIHSS | B4: -0.38589677 | C4: 0.48122979 | D4: 1 | J4: PEARSON COEFFICIENT | K4: SAMPLE SIZE | L4: t SCORE | M4: p VALUE
I5: CBS vs MRS | J5: 0.25611413 | K5: 240 | L5: =J5*SQRT(K5-2)/SQRT(1-J5^2) -> 4.0874675 | M5: =_xlfn.T.DIST.2T(L5,K5-2) -> 5.9662002e-05
I6: CBS vs NIHSS | J6: 0.38589677 | K6: 240 | L6: =J6*SQRT(K6-2)/SQRT(1-J6^2) -> 6.4531757 | M6: =_xlfn.T.DIST.2T(L6,K6-2) -> 6.0761806e-10
I7: NIHSS vs MRS | J7: 0.48122979 | K7: 240 | L7: =J7*SQRT(K7-2)/SQRT(1-J7^2) -> 8.4691973 | M7: =_xlfn.T.DIST.2T(L7,K7-2) -> 2.5770913e-15

Sheet Sheet9
A3: Count of Collaterals | B3: Column Labels
A4: Row Labels | B4: Good | C4: Poor | D4: Grand Total | F4: Good | G4: Poor
A5: Good | B5: 116 | C5: 19 | D5: 135 | F5: =142*135/184 -> 104.18478 | G5: =135*42/184 -> 30.815217 | H5: =SUM(F5+G5) -> 135
A6: Poor | B6: 26 | C6: 23 | D6: 49 | F6: =49*142/184 -> 37.815217 | G6: =49*42/184 -> 11.184783 | H6: =SUM(F6+G6) -> 49
A7: Grand Total | B7: 142 | C7: 42 | D7: 184 | F7: =SUM(F5+F6) -> 142 | G7: =SUM(G5+G6) -> 42 | H7: =SUM(H5+H6) -> 184

Sheet CHI SQ CALC
D7: OBSERVED | I7: EXPECTED
D8: Good MRS | E8: Poor MRS | F8: Grand Total | I8: Good MRS | J8: Poor MRS | K8: Total | N8: Good MRS | O8: Poor MRS
C9: Good Collateral | D9: 116 | E9: 19 | F9: 135 | H9: Good Collateral | I9: 104.18478 | J9: 30.815217 | K9: 135 | M9: Good Collateral | N9: =(D9-I9)^2/I9 -> 1.3399208 | O9: =(E9-J9)^2/J9 -> 4.5302086
C10: Poor Collateral | D10: 26 | E10: 23 | F10: 49 | H10: Poor Collateral | I10: 37.815217 | J10: 11.184783 | K10: 49 | M10: Poor Collateral | N10: =(D10-I10)^2/I10 -> 3.6916187 | O10: =(E10-J10)^2/J10 -> 12.481187
C11: Grand Total | D11: 142 | E11: 42 | F11: 184 | I11: 142 | J11: 42 | K11: 184
L14: Chi-sq | N14: =SUM(N9:O10) -> 22.042935
L15: DF | N15: 1
L16: p-value | N16: =_xlfn.CHISQ.DIST.RT(N14,N15) -> 2.6661923e-06
N18: =_xlfn.CHISQ.TEST(D9:E10,I9:J10) -> 2.6661923e-06

Sheet Chi Sq raw
A2: Collaterals | B2: MRS Grading
A3: Poor | B3: Good
A4: Poor | B4: Good
A5: Poor | B5: Poor
A6: Poor | B6: Poor
A7: Poor | B7: Good
A8: Poor | B8: Good
A9: Poor | B9: Good
A10: Poor | B10: Poor
A11: Poor | B11: Good
A12: Poor | B12: Poor
A13: Poor | B13: Poor
... A186: Good | B186: Good

Sheet Correl - raw data
A1: Cerebral collaterals | B1: ='Dr Dulari Data Entry_21_feb_202'!#REF! -> #REF! | C1: MRS | D1: NIHSS
A2: ='Dr Dulari Data Entry_21_feb_202'!AF2 -> 0 | B2: ='Dr Dulari Data Entry_21_feb_202'!BC2 -> 3 | C2: ='Dr Dulari Data Entry_21_feb_202'!BG2 -> 1 | D2: ='Dr Dulari Data Entry_21_feb_202'!D2 -> 22
A3: ='Dr Dulari Data Entry_21_feb_202'!AF3 -> 0 | B3: ='Dr Dulari Data Entry_21_feb_202'!BC3 -> 7 | C3: ='Dr Dulari Data Entry_21_feb_202'!BG3 -> 0 | D3: ='Dr Dulari Data Entry_21_feb_202'!D3 -> 3
A4: ='Dr Dulari Data Entry_21_feb_202'!AF4 -> 0 | B4: ='Dr Dulari Data Entry_21_feb_202'!BC4 -> 3 | C4: ='Dr Dulari Data Entry_21_feb_202'!BG4 -> 6 | D4: ='Dr Dulari Data Entry_21_feb_202'!D4 -> 22
A5: ='Dr Dulari Data Entry_21_feb_202'!AF5 -> 0 | B5: ='Dr Dulari Data Entry_21_feb_202'!BC5 -> 7 | C5: ='Dr Dulari Data Entry_21_feb_202'!BG5 -> 6 | D5: ='Dr Dulari Data Entry_21_feb_202'!D5 -> 0
A6: ='Dr Dulari Data Entry_21_feb_202'!AF6 -> 0 | B6: ='Dr Dulari Data Entry_21_feb_202'!BC6 -> 9 | C6: ='Dr Dulari Data Entry_21_feb_202'!BG6 -> 2 | D6: ='Dr Dulari Data Entry_21_feb_202'!D6 -> 16
A7: ='Dr Dulari Data Entry_21_feb_202'!AF7 -> 0 | B7: ='Dr Dulari Data Entry_21_feb_202'!BC7 -> 8 | C7: ='Dr Dulari Data Entry_21_feb_202'!BG7 -> 0 | D7: ='Dr Dulari Data Entry_21_feb_202'!D7 -> 3
A8: ='Dr Dulari Data Entry_21_feb_202'!AF8 -> 0 | B8: ='Dr Dulari Data Entry_21_feb_202'!BC8 -> 9 | C8: ='Dr Dulari Data Entry_21_feb_202'!BG8 -> 0 | D8: ='Dr Dulari Data Entry_21_feb_202'!D8 -> 0
A9: ='Dr Dulari Data Entry_21_feb_202'!AF9 -> 0 | B9: ='Dr Dulari Data Entry_21_feb_202'!BC9 -> 9 | C9: ='Dr Dulari Data Entry_21_feb_202'!BG9 -> 3 | D9: ='Dr Dulari Data Entry_21_feb_202'!D9 -> 20
A10: ='Dr Dulari Data Entry_21_feb_202'!AF10 -> 0 | B10: ='Dr Dulari Data Entry_21_feb_202'!BC10 -> 7 | C10: ='Dr Dulari Data Entry_21_feb_202'!BG10 -> 0 | D10: ='Dr Dulari Data Entry_21_feb_202'!D10 -> 3
A11: ='Dr Dulari Data Entry_21_feb_202'!AF11 -> 0 | B11: ='Dr Dulari Data Entry_21_feb_202'!BC11 -> 9 | C11: ='Dr Dulari Data Entry_21_feb_202'!BG11 -> 6 | D11: ='Dr Dulari Data Entry_21_feb_202'!D11 -> 7
A12: ='Dr Dulari Data Entry_21_feb_202'!AF12 -> 0 | B12: ='Dr Dulari Data Entry_21_feb_202'!BC12 -> 8 | C12: ='Dr Dulari Data Entry_21_feb_202'!BG12 -> 6 | D12: ='Dr Dulari Data Entry_21_feb_202'!D12 -> 12
A13: ='Dr Dulari Data Entry_21_feb_202'!AF13 -> 0 | B13: ='Dr Dulari Data Entry_21_feb_202'!BC13 -> 6 | C13: ='Dr Dulari Data Entry_21_feb_202'!BG13 -> 0 | D13: ='Dr Dulari Data Entry_21_feb_202'!D13 -> 9
... A241: ='Dr Dulari Data Entry_21_feb_202'!AF241 -> 0 | B241: ='Dr Dulari Data Entry_21_feb_202'!BC241 -> 9 | C241: ='Dr Dulari Data Entry_21_feb_202'!BG241 -> 6 | D241: ='Dr Dulari Data Entry_21_feb_202'!D241 -> 0

Sheet MRI MRS CTA completed
A1: =A1:BO1 -> 0 | B1: Name | F1: PRN | G1: Age | H1: Gender | I1: Onset Date | J1: Onset Time | K1: DOA | L1: DOD | M1: Telephone number | O1: NHSS | P1: Hypertension | Q1: Diabetes | R1: Alcohol | S1: Tobacco | T1: Smoker | U1: Dyslipidaemia | V1: Atrial Fibrillation | W1: Ischemic Heart Disease | X1: Rheumatic Heart Disease | Y1: PastH/o Stroke/TIA | Z1: Other risk factors | AA1: Hemoglobin | AB1: PCV | AC1: MCV | AD1: Homocysteine | AE1: HbA1C | AF1: Cholesterol | AG1: LDL Cholesterol | AH1: HDL Cholesterol | AI1: Triglycerides | AJ1: V-LDL | AK1: Vit B12 | AL1: Vit D | AM1: Other Risk Factor | AO1: CT Report | AQ1: CT Angio | AS1: CT Aspects | AT1: Mass | AU1: TAN | AV1: MIFFECT | AW1: MCT Angio | AY1: Endosprin | AZ1: Clopidrogrel | BA1: Thrombolysis | BB1: If Yes | BC1: Anticogulatin | BD1: Mechanical Thromoctomecy | BE1: Decompression Cranioectomy | BF1: MRS | BG1: Barthel Index
A2: UID | B2: Name | C2: Name TRISHA EXCEL | D2: COMPLETE | E2: Stroke volume | F2: PRN | G2: age | H2: gender | I2: date of onset | J2: time of onset | K2: date of admission | L2: date of discharge | M2: cell1 | N2: cell2 | O2: NIHSS | P2: SHT | Q2: DM | R2: Alcohol | S2: tobacco | T2: smoking | U2: dyslipidaemia | V2: atrial fibrillation | W2: IHD | X2: rheumatic heart disease | Y2: past history of stroke/TIA | Z2: other risk factors | AA2: haemoglobin | AB2: PCV | AC2: MCV | AD2: Homocystiene | AE2: HbA1C | AF2: Cholesterol | AG2: LDL Cholesterol | AH2: HDL Cholesterol | AI2: Triglycerides | AJ2: V LDL | AK2: b 12 | AL2: Vit D | AM2: other investigations | AN2: strokevolume | AO2: MRI Brain | AP2: side of infarct | AQ2: CT Angiography | AR2: Rt | AS2: CT ASPECTS | AT2: TAN | AU2: MAS | AV2: MITEFF | AW2: MCTA | AX2: V54 | AY2: ecosprine | AZ2: clopidogril | BA2: thrombolysis | BB2: thrombolytic agent | BC2: anticoagulation | BD2: mechanical thrombectomy | BE2: decompressive hemicranectomy | BF2: MRS | BG2: barthel index | BH2: Rt infraclinoid ICA | BI2: Rt Supraclinoid ICA | BJ2: Rt Proximal M1 MCA | BK2: Rt Distal M1 MCA | BL2: Rt M2MCA rear | BM2: Rt M2 MCA forward | BN2: Rt A1 ACA | BO2: Lt infraclinoid ICA | BP2: Lt Supraclinoid ICA | BQ2: Lt Proximal M1 MCA | BR2: Lt Distal M1 MCA | BS2: Lt M2MCA rear | BT2: Lt M2 MCA forward | BU2: Lt A1 ACA | BV2: clot burden score | BW2: Lt ICA origin | BX2: Rt ICA origin | BY2: CCA
A3: MI | B3: Prakash Deshmukh | C3: Prakash Deshmukh | D3: 0 | E3: 22.6272 | F3: 240000052028 | G3: 72 | H3: 1 | I3: 45456 | J3: 0.70833333 | K3: 45456 | L3: 45468 | M3: 9766846207 | O3: 22 | P3: 1 | Q3: 1 | R3: 2 | S3: 2 | T3: 2 | U3: 2 | V3: 2 | W3: 2 | X3: 2 | Y3: 2 | AA3: 14.5 | AB3: 43.1 | AC3: 87.6 | AD3: 19.56 | AE3: 5.9 | AK3: 186 | AO3: Left MCA infract | AQ3: Left ICA and MCA M1 occlusion paucity of cortical branches of Lt MCA. Mild peripheral opacification of M2 segment and superior division of MCA | AS3: 9 | AT3: 1 | AU3: 2 | AV3: 1 | AW3: 4 | AY3: 1 | AZ3: 2 | BA3: 1 | BB3: 2 | BD3: 1 | BE3: 2 | BF3: 1 | BG3: 85 | BH3: 0 | BI3: 0 | BJ3: 0 | BK3: 0 | BL3: 0 | BM3: 0 | BN3: 0 | BO3: 0 | BP3: 0 | BQ3: 0 | BR3: 0 | BS3: 1 | BT3: 1 | BU3: 1 | BV3: 3 | BW3: 0 | BX3: 1 | BY3: 0
A4: NG | B4: Madhukar Khangute | C4: Khangate Madhukar | D4: 0 | E4: 131.598 | F4: 240000050700 | G4: 82 | H4: 1 | I4: 45452 | J4: 0.41666667 | K4: 45452 | M4: 7058587361 | O4: 22 | P4: 1 | Q4: 1 | R4: 2 | S4: 2 | T4: 2 | U4: 2 | V4: 2 | W4: 1 | X4: 2 | Y4: 2 | Z4: Hypothyrodism | AA4: 15.6 | AB4: 45.9 | AC4: 89.4 | AD4: 9.93 | AE4: 8.2 | AK4: 1335 | AO4: Hyperacute to acute NHI in the Lt MCA and PCA teritory | AQ4: Complete non-opacification of Lt ICA origin atherosclerotic plaque at origin of Lt ICA and carvenous segment of B/L ICAs M1 segment Lt MCA and ACA show opacification | AS4: 9 | AT4: 1 | AU4: 2 | AV4: 1 | AW4: 1 | AY4: 1 | AZ4: 2 | BA4: 1 | BB4: 2 | BD4: 2 | BE4: 2 | BF4: 6 | BG4: 0 | BH4: 0 | BI4: 0 | BJ4: 0 | BK4: 0 | BL4: 0 | BM4: 0 | BN4: 0 | BO4: 1 | BP4: 2 | BQ4: 0 | BR4: 0 | BS4: 0 | BT4: 0 | BU4: 0 | BV4: 3 | BW4: 1 | BX4: 1 | BY4: 0
A5: MY | B5: Nilesh Dhande | C5: Nilesh Dhande | D5: 0 | E5: 73.4947 | F5: 240000049153 | G5: 46 | H5: 1 | I5: 45446 | J5: 0.3125 | K5: 45446 | L5: 45449 | M5: 9822757106 | O5: 3 | P5: 1 | Q5: 2 | R5: 2 | S5: 2 | T5: 2 | U5: 2 | V5: 2 | W5: 2 | X5: 2 | Y5: 2 | AA5: 14.2 | AB5: 43.9 | AC5: 82.6 | AD5: 9 | AE5: 5.5 | AF5: 161 | AG5: 88 | AH5: 46 | AI5: 132 | AJ5: 26 | AO5: hypodensity seen in Lt temporo-parietal lobe S/O acute infract | AQ5: Left ICA carvenous, clinoid, supraclinoid 85-90% luminal narrowing. Thrombus in left superior division M2 complete occlusion of inferior division of left MCA | AS5: 6 | AT5: 1 | AU5: 2 | AV5: 2 | AW5: 2 | AY5: 1 | AZ5: 1 | BA5: 2 | BC5: 3 | BD5: 2 | BE5: 2 | BF5: 0 | BG5: 100 | BH5: 0 | BI5: 0 | BJ5: 0 | BK5: 0 | BL5: 0 | BM5: 0 | BN5: 0 | BO5: 0 | BP5: 0 | BQ5: 2 | BR5: 2 | BS5: 1 | BT5: 1 | BU5: 1 | BV5: 7 | BW5: 1 | BX5: 1 | BY5: 0
A6: BH | B6: Bhalchandra govande | C6: govande balachandra | D6: 0 | E6: 194.168 | F6: 240000079901 | G6: 83 | H6: 1 | I6: 45549 | J6: 0.76388889 | K6: 45549 | L6: 45552 | M6: 9766054422 | P6: 1 | Q6: 1 | R6: 2 | S6: 2 | T6: 2 | U6: 2 | V6: 1 | W6: 2 | X6: 2 | Y6: 1 | Z6: Parkinsons disease, CVA 2023 | AA6: 11.8 | AB6: 42 | AE6: 9.1 | AF6: 120 | AG6: 62 | AH6: 25 | AI6: 165 | AJ6: 33 | AO6: Rt malignat MCA teritory infract | AQ6: Rt M1 Occlusion | AS6: 7 | AT6: 1 | AU6: 2 | AV6: 1 | AW6: 1 | AY6: 1 | AZ6: 2 | BA6: 2 | BC6: 4 | BD6: 2 | BE6: 2 | BF6: 6 | BG6: 0 | BH6: 0 | BI6: 2 | BJ6: 2 | BK6: 0 | BL6: 1 | BM6: 1 | BN6: 1 | BO6: 0 | BP6: 0 | BQ6: 0 | BR6: 0 | BS6: 0 | BT6: 0 | BU6: 0 | BV6: 7 | BW6: 1 | BX6: 1 | BY6: Rt CCA plaque
A7: AF | B7: Balasaheb Washilkar | C7: Namdev Washilkar | D7: 1 | E7: 53.8945 | F7: 24000001332 | G7: 50 | H7: 1 | I7: 45294 | J7: 0.26041667 | K7: 45294 | L7: 45306 | M7: 7822843581 | O7: 24 | P7: 1 | Q7: 2 | R7: 2 | S7: 1 | T7: 2 | U7: 2 | V7: 2 | W7: 2 | X7: 2 | Y7: 2 | Z7: Aspiration pneumonia | AA7: 13.5 | AB7: 41 | AC7: 97.2 | AD7: 33.42 | AE7: 5.6 | AF7: 115 | AG7: 64.4 | AH7: 31 | AI7: 98 | AJ7: 19.6 | AK7: 156 | AQ7: Completer non-opacification of Lt ICA from its origin and Lt MCA suggestive of thrombosis | AS7: 8 | AT7: 2 | AU7: 1 | AV7: 1 | AW7: 3 | AY7: 1 | AZ7: 2 | BA7: 1 | BB7: 1 | BD7: 2 | BE7: 2 | BF7: 4 | BG7: 25 | BH7: 0 | BI7: 0 | BJ7: 0 | BK7: 0 | BL7: 0 | BM7: 0 | BN7: 0 | BO7: 0 | BP7: 0 | BQ7: 0 | BR7: 0 | BS7: 0 | BT7: 0 | BU7: 1 | BV7: 1 | BW7: 0 | BX7: 1 | BY7: 0
A8: AI | B8: Anusaya Kharat | C8: Anusaya Kharat | D8: 0 | E8: 80.183 | F8: 240000013172 | G8: 85 | H8: 2 | I8: 45328 | J8: 0.23125 | K8: 45328 | L8: 45337 | M8: 7058983347 | O8: 21 | P8: 1 | Q8: 2 | R8: 2 | S8: 2 | T8: 2 | U8: 2 | V8: 2 | W8: 2 | X8: 2 | Y8: 2 | Z8: Generalised weakness since 25 days | AO8: Large left MCA infract with mass effect and midline shift 2.2mm to right. | AS8: 7 | AT8: 2 | AU8: 2 | AV8: 1 | AW8: 3 | AY8: 1 | BA8: 1 | BB8: 1 | BC8: 4 | BD8: 2 | BE8: 2 | BF8: 6 | BG8: 0 | BH8: 0 | BI8: 0 | BJ8: 0 | BK8: 0 | BL8: 0 | BM8: 0 | BN8: 0 | BO8: 0 | BP8: 2 | BQ8: 0 | BR8: 0 | BS8: 0 | BT8: 0 | BU8: 1 | BV8: 3 | BW8: 0 | BX8: 1 | BY8: Bilateral CCA plaques
A9: FY | B9: Kiran shinde | C9: shinde kiran | D9: 0 | E9: 157.513 | F9: 240000065472 | G9: 45 | H9: 1 | I9: 45501 | J9: 0.58333333 | K9: 45501 | L9: 45518 | M9: 8518971856 | O9: 12 | P9: 2 | Q9: 2 | R9: 1 | S9: 1 | T9: 2 | U9: 2 | V9: 2 | W9: 2 | X9: 2 | Y9: 2 | Z9: Hyperhomocystiemia | AA9: 16 | AB9: 48.3 | AC9: 99.6 | AD9: 16.74 | AE9: 4.5 | AF9: 125 | AG9: 66.8 | AH9: 48 | AI9: 51 | AJ9: 10.2 | AK9: 151 | AO9: Rt ACA and Rt MCA superior division infract with hemorrhagic conversion | AQ9: Right ICA occlusion and Rt MCA M1 occlusion | AS9: 8 | AT9: 2 | AU9: 2 | AV9: 2 | AW9: 2 | AY9: 1 | AZ9: 1 | BA9: 1 | BB9: 1 | BD9: 1 | BE9: 1 | BF9: 4 | BG9: 45 | BH9: 0 | BI9: 0 | BJ9: 0 | BK9: 0 | BL9: 1 | BM9: 1 | BN9: 1 | BO9: 0 | BP9: 0 | BQ9: 0 | BR9: 0 | BS9: 0 | BT9: 0 | BU9: 0 | BV9: 3 | BW9: 1 | BX9: 0 | BY9: 0
A10: AO | B10: Mahavar Bappa | C10: Mahavar Bappa | D10: 0 | E10: 74.4875 | F10: 230902350 | G10: 50 | H10: 1 | I10: 45183 | J10: 0.85416667 | K10: 45184 | L10: 45191 | M10: 8855061463 | N10: 8010603917 | O10: 13 | P10: 1 | Q10: 2 | R10: 1 | S10: 1 | T10: 1 | U10: 2 | V10: 2 | W10: 2 | X10: 2 | Y10: 2 | Z10: Dimorphic Anemia | AA10: 11.3 | AB10: 32 | AC10: 79 | AD10: 44.6 | AE10: 5.3 | AF10: 195 | AG10: 116 | AH10: 46 | AI10: 162 | AJ10: 32 | AK10: 148 | AM10: S Iron -19, S TIBC- 317, S UIBC-298, S Feritin- 28, Transferrin saturation-5.99 | AO10: Right MCA Infarct | AQ10: A/c NHI in rt MCA territory. Thyrmbosis in rt MCA distal to origin Eccentric thrymbos in rt carotid bulb. Sanccular aneurysm noted at junction in left ACA and ACOM measuring6x6.7x5.4mm | AS10: 8 | AT10: 2 | AU10: 1 | AV10: 2 | AW10: 4 | AY10: 1 | AZ10: 2 | BA10: 2 | BB10: 2 | BC10: 2 | BD10: 2 | BE10: 2 | BF10: 0 | BG10: 100 | BH10: 1 | BI10: 2 | BJ10: 0 | BK10: 0 | BL10: 0 | BM10: 0 | BN10: 1 | BO10: 0 | BP10: 0 | BQ10: 0 | BR10: 0 | BS10: 0 | BT10: 0 | BU10: 0 | BV10: 4 | BW10: 1 | BX10: 0 | BY10: 0
A11: MD | B11: Ashok Gite | C11: ASHOK GITE | D11: 0 | E11: 13.3671 | F11: 240000048201 | G11: 57 | H11: 1 | I11: 45442 | J11: 0.64583333 | K11: 45443 | L11: 45448 | M11: 997532928 | N11: 9096159020 | O11: 7 | P11: 1 | Q11: 1 | R11: 2 | S11: 1 | T11: 2 | U11: 2 | V11: 2 | W11: 1 | X11: 2 | Y11: 2 | AA11: 14.3 | AB11: 44.4 | AC11: 81.8 | AD11: 20.17 | AE11: 7 | AF11: 141 | AG11: 88.4 | AH11: 29 | AI11: 118 | AJ11: 23.6 | AK11: 208 | AO11: Right corona radiata; medical temporal lobe patchy infract in Rt periatrial region and left caudate region | AQ11: Right M1 stenosis, left V4 stenosis | AS11: 7 | AT11: 2 | AU11: 1 | AV11: 2 | AW11: 5 | AY11: 1 | AZ11: 1 | BA11: 2 | BD11: 2 | BE11: 2 | BF11: 0 | BG11: 100 | BH11: 0 | BI11: 1 | BJ11: 0 | BK11: 1 | BL11: 1 | BM11: 1 | BN11: 1 | BO11: 0 | BP11: 0 | BQ11: 0 | BR11: 0 | BS11: 0 | BT11: 0 | BU11: 0 | BV11: 5 | BW11: 1 | BX11: 0 | BY11: 0
A12: AZ | B12: Jaydep B Panchal | C12: Jaydeep Panchal | D12: 1 | E12: 12.2628 | F12: 231002549 | G12: 30 | H12: 1 | I12: 45220 | J12: 0.54166667 | K12: 45220 | L12: 45220 | M12: 8805207125 | O12: 9 | P12: 2 | Q12: 2 | R12: 1 | S12: 2 | T12: 1 | U12: 2 | V12: 2 | W12: 2 | X12: 2 | Y12: 1 | AO12: acute stroke in Rt thalamus globus pallidus caudate nucleus and anterior limb internal capsule | AQ12: Right m1 occlusion | AS12: 10 | AT12: 2 | AU12: 2 | AV12: 2 | AW12: 4 | AY12: 1 | AZ12: 2 | BA12: 1 | BB12: 1 | BF12: 0 | BG12: 95 | BH12: 1 | BI12: 2 | BJ12: 0 | BK12: 0 | BL12: 1 | BM12: 1 | BN12: 1 | BO12: 0 | BP12: 0 | BQ12: 0 | BR12: 0 | BS12: 0 | BT12: 0 | BU12: 0 | BV12: 6 | BW12: 1 | BX12: 1 | BY12: 0
A13: BA | B13: Malusare suresh | C13: Malsure Suresh, 230000037875 | D13: 1 | E13: 29.0588 | F13: 230904245 | G13: 70 | H13: 1 | I13: 45187 | J13: 0.45833333 | K13: 45198 | L13: 45199 | M13: 9168935500 | P13: 2 | Q13: 1 | R13: 2 | S13: 1 | T13: 2 | U13: 2 | V13: 2 | W13: 2 | X13: 2 | Y13: 2 | AA13: 12 | AB13: 30.2 | AC13: 78.2 | AD13: 37.22 | AE13: 11 | AF13: 137 | AG13: 82.4 | AH13: 40 | AI13: 73 | AJ13: 14.6 | AK13: 7200 | AM13: S. ferritin- 247, S. Iron - 47, S.TIBC- 198, S.UIBC-151, Transferrin Saturation- 23 | AO13: Lt FPT infract and Lt MCA teritory infract | AQ13: Thrombrosis of Lt MCA distal to M1 segment | AS13: 1 | AT13: 2 | AU13: 2 | AV13: 1 | AW13: 2 | AY13: 1 | AZ13: 1 | BA13: 2 | BC13: 4 | BF13: 0 | BG13: 85 | BH13: 0 | BI13: 0 | BJ13: 0 | BK13: 0 | BL13: 0 | BM13: 0 | BN13: 0 | BO13: 1 | BP13: 2 | BQ13: 2 | BR13: 0 | BS13: 0 | BT13: 0 | BU13: 1 | BV13: 6 | BW13: 1 | BX13: 1 | BY13: 0
A14: AV | B14: Nitikesh Gaikwad | C14: #N/A | E14: 95.2161 | F14: 240000082672 | G14: 26 | H14: 1 | I14: 45559 | J14: 0.45833333 | K14: 45559 | L14: 45570 | M14: 8788359008 | O14: 16 | P14: 2 | Q14: 2 | R14: 1 | S14: 2 | T14: 1 | U14: 2 | V14: 2 | W14: 2 | X14: 2 | Y14: 2 | AA14: 15.5 | AB14: 45 | AC14: 11 | AD14: 19.3 | AF14: 95 | AG14: 48 | AH14: 31 | AI14: 76 | AJ14: 15.2 | AK14: 148 | AM14: ANA nuclear , coarse speckled positive ESR 7,CRP 81.4 | AO14: Left M1 MCA infract | AQ14: Left CCA plaque 60-70% stenosis, Left M1 thrombosis | AS14: 9 | AT14: 2 | AU14: 2 | AV14: 2 | AW14: 4 | AY14: 1 | AZ14: 2 | BA14: 1 | BB14: 2 | BC14: 4 | BD14: 2 | BE14: 2 | BO14: 1 | BP14: 2 | BQ14: 0 | BR14: 0 | BS14: 1 | BT14: 1 | BU14: 1 | BV14: 6 | BW14: 0 | BX14: 1 | BY14: 1
A15: LI | B15: Keshavbai shinde | C15: Keshavbai Shinde | D15: 0 | E15: 4.58161 | F15: 24000059976 | G15: 50 | H15: 2 | I15: 45483 | J15: 0.28125 | K15: 45483 | M15: 9096343363 | O15: 3 | P15: 2 | Q15: 2 | R15: 2 | S15: 1 | T15: 2 | U15: 2 | V15: 2 | W15: 2 | X15: 2 | Y15: 2 | AA15: 13.2 | AB15: 40.3 | AC15: 76.5 | AD15: 7.34 | AE15: 5.8 | AF15: 173 | AG15: 102.8 | AH15: 39 | AI15: 156 | AJ15: 31.2 | AK15: 1099 | AO15: Left insular infract | AQ15: Left ICA occluted from origin (100%) and left M3 infract | AS15: 10 | AT15: 2 | AU15: 2 | AV15: 1 | AW15: 4 | AY15: 2 | AZ15: 2 | BA15: 2 | BD15: 2 | BE15: 2 | BF15: 0 | BG15: 100 | BH15: 0 | BI15: 0 | BJ15: 0 | BK15: 0 | BL15: 0 | BM15: 0 | BN15: 0 | BO15: 0 | BP15: 0 | BQ15: 2 | BR15: 2 | BS15: 1 | BT15: 1 | BU15: 1 | BV15: 7 | BW15: 0 | BX15: 1 | BY15: 0
A16: BN | B16: Rekha Bhapkar | C16: Bhapkar rekha | D16: 0 | E16: 18.9935 | F16: 24000021837 | G16: 67 | H16: 2 | I16: 45451 | J16: 0.5 | K16: 45451 | L16: 18-08-2024 | M16: 7767089009 | O16: 23 | P16: 2 | Q16: 2 | R16: 2 | S16: 2 | T16: 2 | U16: 2 | V16: 2 | W16: 2 | X16: 1 | Y16: 2 | AA16: 9.4 | AB16: 29.3 | AC16: 95.9 | AO16: Rt MCA tertiory infract | AQ16: Rt CCA from origin occluded Left ICA occluded from origin | AS16: 8 | AT16: 2 | AU16: 2 | AV16: 3 | AW16: 4 | AY16: 1 | AZ16: 1 | BA16: 2 | BD16: 2 | BE16: 2 | BF16: 6 | BG16: 0 | BH16: 0 | BI16: 0 | BJ16: 2 | BK16: 2 | BL16: 1 | BM16: 1 | BN16: 1 | BO16: 0 | BP16: 0 | BQ16: 0 | BR16: 0 | BS16: 0 | BT16: 0 | BU16: 0 | BV16: 7 | BW16: 1 | BX16: 0 | BY16: Right CCA plaque
A17: BI | B17: Lalbahadur singh | C17: Lalbahadur Singh | D17: 1 | E17: 31.8582 | F17: 240000030601 | G17: 70 | H17: 1 | I17: 45380 | J17: 0.875 | K17: 45381 | M17: 8956146855 | N17: 9699024966 | O17: 14 | P17: 2 | Q17: 2 | R17: 1 | S17: 2 | T17: 1 | U17: 2 | V17: 2 | W17: 2 | X17: 2 | Y17: 2 | AA17: 13.5 | AB17: 41.4 | AC17: 87.6 | AD17: 41.69 | AE17: 6.9 | AF17: 195 | AG17: 125.2 | AH17: 50 | AI17: 99 | AJ17: 19.8 | AK17: 162 | AO17: Right PCA- MCA watershed and Rt MCA teritory watershed infract | AQ17: Right MCA M2 thrombosis; | AS17: 8 | AT17: 2 | AU17: 2 | AV17: 3 | AW17: 4 | AY17: 1 | AZ17: 2 | BA17: 2 | BD17: 2 | BE17: 2 | BF17: 0 | BG17: 80 | BH17: 0 | BI17: 2 | BJ17: 2 | BK17: 0 | BL17: 1 | BM17: 1 | BN17: 1 | BO17: 0 | BP17: 0 | BQ17: 0 | BR17: 0 | BS17: 0 | BT17: 0 | BU17: 0 | BV17: 7 | BW17: 1 | BX17: 1 | BY17: 0
B18: Kiran Pardeshi | C18: #N/A | D18: #N/A | E18: 0.114729 | F18: 240000041820 | G18: 71 | H18: 1 | I18: 45421 | J18: 0.58333333 | K18: 45421 | L18: 45422 | M18: 9011817556 | O18: 3 | P18: 2 | Q18: 2 | R18: 1 | S18: 1 | T18: 2 | U18: 2 | V18: 2 | W18: 2 | X18: 2 | Y18: 2 | AA18: 18 | AB18: 53.8 | AC18: 10.59 | AD18: 29.81 | AK18: 148 | AM18: ESR-13, CRP-42 | AO18: Left insular region tiny infract | AQ18: Left M1 stenosis basilar artery right stenosis | AS18: 8 | AT18: 2 | AU18: 1 | AV18: 2 | AW18: 4 | AY18: 1 | AZ18: 1 | BA18: 2 | BD18: 2 | BE18: 2 | BF18: 0 | BG18: 100 | BO18: 0 | BP18: 1 | BQ18: 2 | BR18: 2 | BS18: 1 | BT18: 1 | BU18: 1 | BV18: 8 | BW18: 1 | BX18: 1 | BY18: Bilateral CCA plaque
A19: JR | B19: Akbar Bhagawan | C19: akbar bhagwan | D19: 0 | E19: 8.88232 | F19: 240000076798 | G19: 43 | H19: 1 | I19: 45537 | J19: 0.34375 | K19: 45537 | L19: 45551 | M19: 9960441201 | O19: 12 | P19: 1 | Q19: 1 | R19: 2 | S19: 2 | T19: 2 | U19: 2 | V19: 2 | W19: 1 | X19: 2 | Y19: 2 | Z19: PTCA to LCX done on 29/08/2024,heart failuar EF 40%, poliomyelitis | AA19: 10.5 | AB19: 32.7 | AC19: 79.4 | AD19: 10.77 | AF19: 190 | AG19: 135 | AH19: 25 | AI19: 150 | AJ19: 30 | AK19: 259 | AO19: Left MCA patchy infract | AQ19: Left ICA occlusion from origin, reformation of cavernous ICA from MMA | AS19: 9 | AT19: 2 | AU19: 1 | AV19: 3 | AW19: 4 | AY19: 1 | AZ19: 1 | BA19: 2 | BC19: 4 | BD19: 2 | BE19: 2 | BF19: 6 | BG19: 0 | BO19: 0 | BP19: 1 | BQ19: 2 | BR19: 2 | BS19: 1 | BT19: 1 | BU19: 1 | BV19: 8 | BW19: 0 | BX19: 1 | BY19: 0
A20: CR | B20: Indubai Sarang | C20: sarang indubai | D20: 0 | E20: 25.4023 | F20: 240000064726 | G20: 80 | H20: 2 | I20: 45496 | K20: 45498 | M20: 9970695458 | O20: 17 | P20: 1 | Q20: 1 | R20: 2 | S20: 2 | T20: 2 | U20: 2 | V20: 2 | W20: 2 | X20: 2 | Y20: 2 | AA20: 12.9 | AB20: 38.5 | AC20: 92 | AD20: 31.04 | AE20: 11.4 | AF20: 130 | AG20: 68.8 | AH20: 31 | AI20: 151 | AJ20: 30.2 | AK20: 198 | AO20: Acute infract seen in cortical and subcortical white matter of Lt frontal, parietal and temporal lobe, Lt centrum semiovale, Lt corona radiata and Lt lentiform nucleus | AQ20: Atherosclerotic plaque at Lt carotid bulb narrowing Rt ICA . the plaque extends =10 mm ICA distal narrowing upto 6.4mm causing 50-60% | AS20: 9 | AT20: 2 | AU20: 2 | AV20: 3 | AW20: 4 | AY20: 1 | AZ20: 1 | BA20: 2 | BD20: 2 | BE20: 2 | BF20: 5 | BG20: 100 | BH20: 0 | BI20: 0 | BJ20: 0 | BK20: 0 | BL20: 0 | BM20: 0 | BN20: 0 | BO20: 0 | BP20: 2 | BQ20: 1 | BR20: 2 | BS20: 1 | BT20: 1 | BU20: 1 | BV20: 8 | BW20: 1 | BX20: 0 | BY20: 0
B21: Varsha Patil/ Pawar | C21: #N/A | D21: #N/A | E21: 35.3162 | F21: 240000053520 | G21: 38 | H21: 2 | I21: 45462 | J21: 0.30208333 | K21: 45462 | L21: 45468 | M21: 7666761395 | O21: 17 | P21: 2 | Q21: 2 | R21: 2 | S21: 2 | T21: 2 | U21: 2 | V21: 2 | W21: 2 | X21: 2 | Y21: 2 | AA21: 12 | AB21: 35.4 | AC21: 90 | AD21: 12.75 | AE21: 5.5 | AK21: 166 | AM21: AMA, APLA, ESR-2, CRP-16 | AO21: Acute NHI in left P-T region and left insular cortex occlusion of superior division of left MCA with reconalization of inferior division | AQ21: Left M1 occlusion (superior division) | AS21: 9 | AT21: 2 | AU21: 2 | AV21: 2 | AW21: 4 | AY21: 1 | BA21: 1 | BB21: 2 | BD21: 2 | BE21: 2 | BF21: 1 | BG21: 100 | BO21: 1 | BP21: 2 | BQ21: 0 | BR21: 2 | BS21: 1 | BT21: 1 | BU21: 1 | BV21: 8 | BW21: 1 | BX21: 1 | BY21: 1
A22: CK | B22: Chandrakant Khopade | C22: Chandrakant Khopade | D22: 0 | E22: 129.428 | F22: 190402865 | G22: 60 | H22: 1 | I22: 44941 | J22: 0.3125 | K22: 44941 | L22: 44960 | M22: 9067030236 | O22: 18 | P22: 2 | Q22: 2 | R22: 2 | S22: 2 | T22: 2 | U22: 2 | V22: 1 | W22: 2 | X22: 2 | Y22: 2 | AA22: 14 | AB22: 32 | AC22: 95 | AD22: 22 | AE22: 5.5 | AK22: 171 | AO22: Right MCA infract | AQ22: Non opacification of left ICA from its origin s/o occlusional thrombosis. non-opacification of M1, M2 and proximal M2 segments of right MCA | AS22: 3 | AT22: 2 | AU22: 2 | AV22: 1 | AW22: 3 | AY22: 1 | AZ22: 2 | BA22: 1 | BB22: 1 | BC22: 3 | BF22: 4 | BG22: 30 | BH22: 1 | BI22: 2 | BJ22: 2 | BK22: 0 | BL22: 1 | BM22: 1 | BN22: 1 | BO22: 0 | BP22: 0 | BQ22: 0 | BR22: 0 | BS22: 0 | BT22: 0 | BU22: 0 | BV22: 8 | BW22: 1 | BX22: 1 | BY22: 0
A23: FK | B23: Lahot Krushna | C23: #N/A | D23: #N/A | E23: #N/A | F23: 240000078257 | G23: 74 | H23: 2 | I23: 45544 | J23: 0.10416667 | K23: 45544 | L23: 45560 | M23: 7448240702 | O23: 11 | P23: 1 | Q23: 1 | R23: 2 | S23: 2 | T23: 2 | U23: 2 | V23: 2 | W23: 1 | X23: 2 | Y23: 2 | AA23: 11.8 | AB23: 36.7 | AC23: 90.4 | AD23: 13.29 | AE23: 6.7 | AF23: 153 | AG23: 96 | AH23: 34 | AI23: 111 | AJ23: 22 | AK23: 397 | AO23: Rt MCA infarct superior division | AQ23: Rt MCA supeiror devision thrombus, atherosclerotic plaque with calcifications in left carotid bulb and origin of left ICA | AS23: 4 | AT23: 2 | AU23: 2 | AV23: 3 | AW23: 3 | AY23: 1 | AZ23: 1 | BA23: 1 | BB23: 1 | BC23: 4 | BD23: 2 | BE23: 2 | BF23: 6 | BG23: 0 | BH23: 0 | BI23: 1 | BJ23: 2 | BK23: 2 | BL23: 1 | BM23: 1 | BN23: 1 | BV23: 8 | BW23: 0 | BX23: 1
A24: FQ | B24: Dharmendra Kale | C24: Kale Dharmendra | D24: 1 | E24: 0.363236 | F24: 120502937 | G24: 47 | H24: 1 | K24: 44970 | L24: 44972 | O24: 0 | P24: 1 | Q24: 2 | R24: 2 | S24: 2 | T24: 2 | U24: 2 | V24: 2 | W24: 2 | X24: 2 | Y24: 2 | AA24: 12.9 | AB24: 39 | AC24: 80 | AD24: 40 | AE24: 5.8 | AK24: 177 | AO24: ASL hypoperfusion segmet left fronto parietal region | AQ24: Short segment narrowing supraclinoid segment of left ICA | AS24: 10 | AT24: 2 | AU24: 1 | AV24: 3 | AW24: 4 | AY24: 1 | AZ24: 1 | BA24: 2 | BD24: 2 | BE24: 2 | BF24: 0 | BG24: 100 | BH24: 0 | BI24: 0 | BJ24: 0 | BK24: 0 | BL24: 0 | BM24: 0 | BN24: 0 | BO24: 1 | BP24: 1 | BQ24: 2 | BR24: 2 | BS24: 1 | BT24: 1 | BU24: 1 | BV24: 9 | BW24: 1 | BX24: 1 | BY24: Left CCA plaque
A25: FG | B25: Vilas Gaikwad | C25: VILAS GAIKWAD | D25: 0 | E25: 0.682883 | F25: 240020598 | G25: 51 | H25: 1 | I25: 45430 | J25: 0.37083333 | K25: 45430 | L25: 45447 | M25: 8149081492 | O25: 20 | P25: 1 | Q25: 1 | R25: 1 | S25: 1 | T25: 1 | U25: 2 | V25: 2 | W25: 2 | X25: 2 | Y25: 2 | AA25: 8.5 | AB25: 29.3 | AC25: 59.7 | AD25: 4.36 | AE25: 8.2 | AF25: 90 | AG25: 42.2 | AH25: 21 | AI25: 134 | AJ25: 26.3 | AK25: 795 | AM25: CRP- 180, ESR-16, ferritin-383, S IRon-82, UIBC-200,TIBC- 282, transferrin saturation-29.7 | AO25: Acute NHI in Lt MCA teritory | AQ25: Normal with filling detect in the left carotid bifurcation | AS25: 3 | AT25: 2 | AU25: 2 | AV25: 2 | AW25: 3 | AY25: 1 | BA25: 2 | BB25: 1 | BD25: 2 | BE25: 2 | BF25: 3 | BG25: 55 | BH25: 0 | BI25: 0 | BJ25: 0 | BK25: 0 | BL25: 0 | BM25: 0 | BN25: 0 | BO25: 1 | BP25: 2 | BQ25: 2 | BR25: 2 | BS25: 0 | BT25: 1 | BU25: 1 | BV25: 9 | BW25: 0 | BX25: 1 | BY25: 0
A26: FN | B26: Hanumant Gaikwad | C26: Gaikwad Hanumant | D26: 1 | E26: 6.83368 | F26: 240000023648 | G26: 84 | H26: 1 | I26: 45359 | J26: 0.79166667 | K26: 45359 | L26: 45360 | M26: 9762764356 | O26: 7 | P26: 1 | Q26: 2 | R26: 2 | S26: 2 | T26: 2 | U26: 2 | V26: 2 | W26: 2 | X26: 2 | Y26: 2 | AA26: 13.1 | AB26: 37.8 | AC26: 90 | AE26: 5.5 | AF26: 229 | AG26: 162.6 | AH26: 35 | AI26: 157 | AJ26: 31.4 | AK26: 421 | AO26: Rt internal watershed, ACA-MCA, MCA-PCA watershed infracts | AQ26: Rt ICA 99% stenosis and right M1 stenosis random occlusion | AS26: 10 | AT26: 2 | AU26: 2 | AV26: 3 | AW26: 4 | AY26: 1 | AZ26: 2 | BA26: 1 | BB26: 1 | BD26: 2 | BE26: 2 | BF26: 6 | BG26: 0 | BH26: 0 | BI26: 2 | BJ26: 2 | BK26: 2 | BL26: 1 | BM26: 1 | BN26: 1 | BO26: 0 | BP26: 0 | BQ26: 0 | BR26: 0 | BS26: 0 | BT26: 0 | BU26: 0 | BV26: 9 | BW26: 0 | BX26: 1 | BY26: 0
A27: CX | B27: Chandrabhagabai Gite | C27: Chandrabhagabai Gite | D27: 0 | E27: 19.5711 | F27: 240000057100 | G27: 77 | H27: 2 | I27: 45472 | J27: 0.5 | K27: 45473 | L27: 45476 | M27: 9067454942 | O27: 1 | P27: 1 | Q27: 1 | R27: 2 | S27: 2 | T27: 2 | U27: 2 | V27: 2 | W27: 2 | X27: 2 | Y27: 2 | AA27: 14 | AB27: 42.4 | AC27: 88.9 | AD27: 15.99 | AE27: 10.4 | AF27: 250 | AG27: 126 | AH27: 37 | AI27: 435 | AJ27: 87 | AO27: Right ACA MCA; MCA PCA and internal watershed infract | AQ27: Right ICA origin 90% stenosis and right M1 stenosis. freedom stenosis | AS27: 8 | AT27: 2 | AU27: 1 | AV27: 4 | AW27: 5 | AY27: 1 | AZ27: 1 | BA27: 2 | BD27: 2 | BE27: 2 | BF27: 0 | BG27: 100 | BH27: 0 | BI27: 2 | BJ27: 2 | BK27: 2 | BL27: 1 | BM27: 1 | BN27: 1 | BO27: 0 | BP27: 0 | BQ27: 0 | BR27: 0 | BS27: 0 | BT27: 0 | BU27: 0 | BV27: 9 | BW27: 1 | BX27: 0 | BY27: Rt CCA plaque
A28: MM | B28: Suresh Acharehar | C28: Suresh Acharekar | D28: 0 | E28: 30.0468 | F28: 240000051745 | G28: 45 | H28: 1 | I28: 45455 | J28: 0.87152778 | K28: 45455 | L28: 45472 | M28: 9764436141 | N28: 9960874913 | O28: 20 | P28: 1 | Q28: 1 | R28: 2 | S28: 2 | T28: 2 | U28: 2 | V28: 2 | W28: 2 | X28: 2 | Y28: 2 | AA28: 13.9 | AB28: 43.1 | AC28: 91.6 | AD28: 12.63 | AE28: 13 | AF28: 193 | AG28: 124.6 | AH28: 39 | AI28: 147 | AJ28: 29.4 | AK28: 192 | AO28: Right MCA infract | AQ28: Right M3 thombus, occlusion distal to M1 segment of the rt MCA | AS28: 9 | AT28: 2 | AU28: 1 | AV28: 3 | AW28: 5 | AY28: 1 | AZ28: 2 | BA28: 1 | BB28: 1 | BD28: 2 | BE28: 2 | BF28: 0 | BG28: 100 | BH28: 1 | BI28: 2 | BJ28: 2 | BK28: 2 | BL28: 0 | BM28: 1 | BN28: 1 | BO28: 0 | BP28: 0 | BQ28: 0 | BR28: 0 | BS28: 0 | BT28: 0 | BU28: 0 | BV28: 9 | BW28: 1 | BX28: 1 | BY28: 0
A29: EB | B29: Dharmraj Patil | C29: PATIL DHANRAJ | D29: 0 | E29: 36.9047 | F29: 24000046727 | G29: 78 | H29: 1 | I29: 45437 | J29: 0.97916667 | K29: 45437 | L29: 45443 | M29: 9423002874 | O29: 16 | P29: 1 | Q29: 1 | R29: 2 | S29: 1 | T29: 2 | U29: 2 | V29: 2 | W29: 2 | X29: 2 | Y29: 2 | AA29: 13.1 | AB29: 39.9 | AC29: 84.2 | AD29: 8.3 | AE29: 6.4 | AF29: 157 | AG29: 90.4 | AH29: 43 | AI29: 118 | AJ29: 23.6 | AO29: Right MCA M3 block Rt insula; Rt frontal operculum infract | AQ29: Post lysis angiography left ICA 50% stenosis (Left M1 stenosis) | AS29: 8 | AT29: 2 | AU29: 1 | AV29: 2 | AW29: 5 | AY29: 1 | AZ29: 2 | BA29: 1 | BB29: 1 | BD29: 2 | BE29: 2 | BF29: 2 | BG29: 65 | BH29: 0 | BI29: 2 | BJ29: 2 | BK29: 2 | BL29: 1 | BM29: 1 | BN29: 1 | BO29: 0 | BP29: 0 | BQ29: 0 | BR29: 0 | BS29: 0 | BT29: 0 | BU29: 0 | BV29: 9 | BW29: 0 | BX29: 0 | BY29: 0
A30: DC | B30: Wilson terez | C30: terez wilson | D30: 0 | E30: 107.103 | F30: 240000099453 | G30: 75 | H30: 2 | I30: 45621 | K30: 45622 | L30: 45635 | M30: 7028498899 | O30: 22 | P30: 1 | Q30: 1 | R30: 2 | S30: 2 | T30: 2 | U30: 2 | V30: 2 | W30: 2 | X30: 2 | Y30: 2 | AA30: 10.7 | AB30: 32.7 | AC30: 82.6 | AD30: 13.7 | AK30: 1136 | AO30: Lect MCA territory infarct | AQ30: Left MCA distal to M1 occlusion with reformation of cortical branches likely due to collateral circulation | AS30: 3 | AT30: 2 | AU30: 2 | AV30: 1 | AW30: 4 | AY30: 1 | AZ30: 1 | BA30: 2 | BC30: 4 | BD30: 2 | BE30: 2 | BF30: 6 | BG30: 0 | BH30: 1 | BI30: 2 | BJ30: 1 | BK30: 2 | BL30: 1 | BM30: 1 | BN30: 1 | BO30: 0 | BP30: 0 | BQ30: 0 | BR30: 0 | BS30: 0 | BT30: 0 | BU30: 0 | BV30: 9 | BW30: 1 | BX30: 1 | BY30: 1
A31: CY | B31: Parvati Saste | C31: parvati saste | D31: 0 | E31: 218.59 | F31: 240000055967 | G31: 57 | H31: 2 | I31: 45468 | J31: 0.47916667 | K31: 45469 | L31: 45472 | M31: 9881968945 | O31: 21 | P31: 2 | Q31: 2 | R31: 2 | S31: 2 | T31: 2 | U31: 2 | V31: 1 | W31: 2 | X31: 2 | Y31: 2 | AA31: 14.4 | AB31: 43 | AC31: 97.3 | AO31: Left MCA infract with hemorhagic transformation and mild line shift | AQ31: Left distal M1 block | AS31: 3 | AT31: 2 | AU31: 1 | AV31: 3 | AW31: 4 | AY31: 1 | AZ31: 2 | BA31: 2 | BD31: 2 | BE31: 2 | BF31: 6 | BG31: 0 | BH31: 0 | BI31: 0 | BJ31: 0 | BK31: 0 | BL31: 0 | BM31: 0 | BN31: 0 | BO31: 1 | BP31: 2 | BQ31: 2 | BR31: 1 | BS31: 1 | BT31: 1 | BU31: 1 | BV31: 9 | BW31: 0 | BX31: 1 | BY31: Lt CCA Plaque
A32: JN | B32: Kamlabai Kumbhar | C32: Kumbhar Kamalbai | E32: 74.9525 | F32: 230403075 | G32: 65 | H32: 2 | K32: 45035 | M32: 9158797476 | O32: 10 | P32: 2 | Q32: 1 | R32: 2 | S32: 2 | T32: 2 | U32: 2 | V32: 2 | W32: 2 | X32: 2 | Y32: 2 | AA32: 13 | AB32: 39.7 | AD32: 6.51 | AE32: 14.3 | AF32: 198 | AG32: 109.2 | AH32: 29 | AI32: 299 | AK32: 413 | AS32: 7 | AT32: 2 | AU32: 1 | AV32: 2 | AW32: 4 | AY32: 1 | AZ32: 1 | BA32: 2 | BC32: 4 | BD32: 2 | BE32: 2 | BF32: 0 | BG32: 100 | BH32: 1 | BI32: 2 | BJ32: 2 | BK32: 2 | BL32: 1 | BM32: 1 | BN32: 1 | BV32: 10 | BW32: 1 | BX32: 1
A33: FX | B33: Narul Sharma | C33: Nakul Sharma Mohit | D33: 0 | E33: 107.77 | F33: 221105385 | G33: 26 | H33: 1 | K33: 44890 | L33: 44905 | M33: 7507493561 | O33: 20 | P33: 2 | Q33: 2 | R33: 1 | S33: 1 | T33: 1 | U33: 2 | V33: 2 | W33: 2 | X33: 2 | Y33: 2 | AA33: 15.7 | AB33: 45.2 | AC33: 11.76 | AD33: 17.3 | AE33: 4.5 | AF33: 120 | AG33: 66.2 | AH33: 36 | AI33: 89 | AJ33: 17.8 | AK33: 148 | AO33: Rt MCA infract | AS33: 8 | AT33: 2 | AU33: 1 | AV33: 3 | AW33: 4 | AY33: 1 | AZ33: 2 | BA33: 1 | BB33: 1 | BC33: 1 | BD33: 2 | BE33: 2 | BF33: 1 | BG33: 90 | BH33: 0 | BI33: 0 | BJ33: 0 | BK33: 0 | BL33: 0 | BM33: 0 | BN33: 0 | BO33: 1 | BP33: 2 | BQ33: 2 | BR33: 2 | BS33: 1 | BT33: 1 | BU33: 1 | BV33: 10 | BW33: 1 | BX33: 0 | BY33: Rt CCA thrombus
A34: IE | B34: Satish Bhalerao | C34: SATISH BHALERAO | D34: 0 | E34: 111.378 | F34: 24000004286 | G34: 41 | H34: 1 | I34: 45424 | J34: 0.46875 | K34: 45424 | L34: 45437 | M34: 8600702229 | O34: 9 | P34: 1 | Q34: 1 | R34: 2 | S34: 1 | T34: 2 | U34: 2 | V34: 2 | W34: 2 | X34: 2 | Y34: 2 | AA34: 15.4 | AB34: 43.8 | AC34: 90.6 | AD34: 32.46 | AE34: 6.1 | AF34: 229 | AH34: 34 | AI34: 553 | AK34: 213 | AO34: Right MCA inferior division infract | AQ34: Right MCA inferior division occlusion | AS34: 8 | AT34: 2 | AU34: 1 | AV34: 2 | AW34: 5 | AY34: 1 | AZ34: 1 | BA34: 1 | BB34: 1 | BC34: 4 | BD34: 2 | BE34: 1 | BF34: 0 | BG34: 100 | BH34: 1 | BI34: 2 | BJ34: 2 | BK34: 2 | BL34: 1 | BM34: 1 | BN34: 1 | BO34: 0 | BP34: 0 | BQ34: 0 | BR34: 0 | BS34: 0 | BT34: 0 | BU34: 0 | BV34: 10 | BW34: 1 | BX34: 1 | BY34: 0
A35: AD | B35: Sumit Pawar | C35: Sumit Pawar | D35: 1 | E35: 21.1355 | F35: 24000037353 | G35: 35 | H35: 1 | I35: 45405 | J35: 0.4375 | K35: 45405 | L35: 45411 | M35: 9881490701 | N35: 9075625071 | O35: 17 | P35: 2 | Q35: 2 | R35: 2 | S35: 2 | T35: 2 | U35: 2 | V35: 2 | W35: 2 | X35: 2 | Y35: 2 | Z35: accerated atheroscerotic cryptogenic stroke left eye CRAO | AA35: 15.2 | AB35: 44.7 | AC35: 90.7 | AD35: 10.92 | AF35: 150 | AG35: 101 | AH35: 28 | AI35: 105 | AJ35: 21 | AK35: 238 | AL35: 21 | AO35: Left fronto parietal infract periodontics left post central gyris left nucleus left lentiform nucleus left post limb of internal capsule left insular cortex and left anterior temporal region | AQ35: Left ICA 99% stenosis left M2 occlusion | AS35: 7 | AT35: 3 | AU35: 1 | AV35: 2 | AW35: 4 | AY35: 1 | AZ35: 1 | BA35: 2 | BD35: 1 | BE35: 2 | BF35: 0 | BG35: 100 | BH35: 0 | BI35: 0 | BJ35: 0 | BK35: 0 | BL35: 0 | BM35: 0 | BN35: 0 | BO35: 0 | BP35: 0 | BQ35: 0 | BR35: 0 | BS35: 1 | BT35: 1 | BU35: 1 | BV35: 3 | BW35: 0 | BX35: 1 | BY35: Left CCA plaque
A36: AN | B36: Balu Rathod | C36: Balu Rathod | D36: 1 | E36: 66.091 | F36: 200401395 | G36: 53 | H36: 1 | I36: 44957 | J36: 0.85416667 | K36: 44957 | L36: 44963 | M36: 9657461888 | O36: 24 | P36: 2 | Q36: 2 | R36: 2 | S36: 2 | T36: 2 | U36: 2 | V36: 2 | W36: 2 | X36: 2 | Y36: 2 | Z36: HIV Positive | AA36: 13.4 | AB36: 37.9 | AC36: 97.1 | AD36: 20.57 | AK36: 209 | AO36: Left MCA infract | AQ36: M1 segments regular and cut off poor reformation of ML left ICA occlusian from origin | AS36: 7 | AT36: 3 | AU36: 2 | AV36: 1 | AW36: 3 | AY36: 1 | AZ36: 2 | BA36: 1 | BB36: 1 | BF36: 3 | BG36: 60 | BH36: 0 | BI36: 0 | BJ36: 0 | BK36: 0 | BL36: 0 | BM36: 0 | BN36: 0 | BO36: 0 | BP36: 2 | BQ36: 0 | BR36: 0 | BS36: 0 | BT36: 0 | BU36: 1 | BV36: 4 | BW36: 0 | BX36: 1 | BY36: 0
A37: NB | B37: Mandakini Shinde | C37: Shinde Mandakini | D37: 0 | E37: 80.9241 | F37: 24000049989 | G37: 68 | H37: 2 | I37: 45448 | J37: 0.083333333 | K37: 45449 | L37: 45455 | M37: 7517721567 | O37: 12 | P37: 1 | Q37: 1 | R37: 2 | S37: 2 | T37: 2 | U37: 2 | V37: 2 | W37: 2 | X37: 2 | Y37: 1 | AA37: 14.3 | AB37: 42.8 | AC37: 91.5 | AE37: 11.1 | AF37: 196 | AG37: 127 | AH37: 43 | AI37: 130 | AJ37: 26 | AO37: Left MCA PCA watershed infract | AQ37: Left ICA smooth tapering of distal/end possible dissection | AS37: 9 | AT37: 3 | AU37: 1 | AV37: 3 | AW37: 5 | AY37: 1 | AZ37: 2 | BA37: 2 | BD37: 2 | BE37: 2 | BF37: 0 | BG37: 100 | BH37: 0 | BI37: 0 | BJ37: 0 | BK37: 0 | BL37: 0 | BM37: 0 | BN37: 0 | BO37: 0 | BP37: 0 | BQ37: 1 | BR37: 2 | BS37: 1 | BT37: 1 | BU37: 1 | BV37: 6 | BW37: 0 | BX37: 1 | BY37: Rt CCA plaque
A38: BE | B38: Ankush Patil | C38: Ankush Patil Khaswaba | D38: 0 | E38: 81.0935 | F38: 110402124 | G38: 51 | H38: 1 | K38: 44916 | L38: 44921 | M38: 9096943319 | N38: 7028841200 | O38: 12 | P38: 2 | Q38: 1 | R38: 2 | S38: 1 | T38: 2 | U38: 2 | V38: 2 | W38: 2 | X38: 2 | Y38: 2 | AA38: 13.3 | AB38: 41.5 | AD38: 30.8 | AE38: 8 | AK38: 153 | AO38: Acute infract Rt fronto-parietal occipital lobes | AQ38: Rt ICA thrombosis distal to origin Rt MCA paucity cortical branch | AS38: 9 | AT38: 3 | AU38: 1 | AV38: 3 | AW38: 5 | AY38: 1 | AZ38: 1 | BA38: 2 | BC38: 3 | BD38: 2 | BE38: 2 | BF38: 4 | BG38: 50 | BH38: 0 | BI38: 0 | BJ38: 2 | BK38: 2 | BL38: 0 | BM38: 1 | BN38: 1 | BO38: 0 | BP38: 0 | BQ38: 0 | BR38: 0 | BS38: 0 | BT38: 0 | BU38: 0 | BV38: 6 | BW38: 1 | BX38: 0 | BY38: 0
A39: BL | B39: Tukaram Potdar | C39: Potdar Tukaram | D39: 0 | E39: no MRI | F39: 240014695 | G39: 76 | H39: 1 | I39: 45389 | K39: 45389 | L39: 45389 | M39: 9226948505 | N39: 7249813749 | O39: 13 | P39: 1 | Q39: 2 | R39: 2 | S39: 1 | T39: 2 | U39: 2 | V39: 2 | W39: 2 | X39: 2 | Y39: 2 | AA39: 13.1 | AE39: 5.7 | AF39: 175 | AG39: 112.4 | AH39: 36 | AI39: 133 | AJ39: 26.6 | AK39: 332 | AL39: 61 | AO39: Rt PCA infract and PCIC infract, Rt temporal and occipital lobe infract | AQ39: Complete Rt CCA occlusion | AS39: 9 | AT39: 3 | AU39: 1 | AV39: 3 | AW39: 5 | AY39: 1 | AZ39: 2 | BA39: 1 | BB39: 1 | BD39: 2 | BE39: 2 | BF39: 6 | BG39: 0 | BH39: 0 | BI39: 1 | BJ39: 1 | BK39: 2 | BL39: 1 | BM39: 1 | BN39: 1 | BO39: 0 | BP39: 0 | BQ39: 0 | BR39: 0 | BS39: 0 | BT39: 0 | BU39: 0 | BV39: 7 | BW39: 1 | BX39: 0 | BY39: Right CCA plaque
A40: BM | B40: Ambadas PAwar | C40: pawar ambadas | D40: 0 | E40: 5.60836 | F40: 240031924 | G40: 45 | H40: 1 | I40: 45499 | J40: 0 | K40: 45502 | L40: 45504 | M40: 7038165474 | O40: 1 | P40: 2 | Q40: 2 | R40: 1 | S40: 1 | T40: 2 | U40: 2 | V40: 2 | W40: 2 | X40: 2 | Y40: 2 | AA40: 17.7 | AC40: 10.56 | AD40: 45.5 | AE40: 5.1 | AF40: 190 | AG40: 103 | AH40: 28 | AI40: 293 | AJ40: 58 | AK40: 35 | AO40: Internal watershed infarct (Outside) | AQ40: Rt ICA occlusion from origin | AS40: 10 | AT40: 3 | AU40: 1 | AV40: 3 | AW40: 5 | AY40: 1 | AZ40: 1 | BA40: 2 | BD40: 2 | BE40: 2 | BF40: 0 | BG40: 100 | BH40: 0 | BI40: 1 | BJ40: 1 | BK40: 2 | BL40: 1 | BM40: 1 | BN40: 1 | BO40: 0 | BP40: 0 | BQ40: 0 | BR40: 0 | BS40: 0 | BT40: 0 | BU40: 0 | BV40: 7 | BW40: 1 | BX40: 0 | BY40: 0
A41: LY | B41: Prakash PAwar | C41: Prakash Pawar | D41: 0 | E41: 11.856 | F41: 230402759 | G41: 54 | H41: 1 | I41: 45034 | J41: 0.375 | K41: 45034 | L41: 45035 | M41: 8997444447 | O41: 3 | P41: 2 | Q41: 1 | R41: 2 | S41: 2 | T41: 2 | U41: 2 | V41: 2 | W41: 2 | X41: 2 | Y41: 2 | AA41: 15.5 | AB41: 45.7 | AC41: 86.9 | AD41: 13 | AE41: 7.6 | AF41: 197 | AG41: 140 | AH41: 26 | AI41: 155 | AJ41: 31 | AK41: 213 | AO41: Acute stroke in Rt MCA /PCA watershed area | AQ41: Thrombosis Rt internal carotid artery | AS41: 9 | AT41: 3 | AU41: 1 | AV41: 3 | AW41: 5 | AY41: 1 | AZ41: 1 | BA41: 2 | BD41: 2 | BE41: 2 | BF41: 0 | BG41: 100 | BH41: 0 | BI41: 0 | BJ41: 2 | BK41: 2 | BL41: 1 | BM41: 1 | BN41: 1 | BV41: 7 | BW41: 1 | BX41: 0 | BY41: 1
A42: BJ | B42: Bhimrao Lokhande | C42: Bhivraj Lokhande | D42: 1 | E42: 50.7768 | F42: 220902571 | G42: 46 | H42: 1 | K42: 44819 | L42: 44846 | M42: 8421096277 | O42: 4 | P42: 1 | Q42: 1 | R42: 1 | S42: 1 | T42: 2 | U42: 2 | V42: 2 | W42: 2 | X42: 2 | Y42: 2 | AA42: 15.2 | AB42: 45.1 | AC42: 82 | AD42: 35.75 | AE42: 13.1 | AM42: DSD- Normal | AO42: Left MCA infract | AQ42: M3 cut off | AS42: 9 | AT42: 3 | AU42: 1 | AV42: 3 | AW42: 5 | AY42: 1 | AZ42: 1 | BA42: 2 | BC42: 1 | BD42: 2 | BE42: 1 | BF42: 3 | BG42: 70 | BH42: 0 | BI42: 0 | BJ42: 0 | BK42: 0 | BL42: 0 | BM42: 0 | BN42: 0 | BO42: 0 | BP42: 1 | BQ42: 2 | BR42: 2 | BS42: 1 | BT42: 0 | BU42: 1 | BV42: 7 | BW42: 1 | BX42: 1 | BY42: 0
A43: BO | B43: Abhishek Bhadale | C43: Bhadale Abhishek Rajendra | D43: 1 | E43: 114.859 | F43: 220402919 | G43: 25 | H43: 1 | K43: 44872 | L43: 44873 | M43: 9762043447 | O43: 8 | P43: 2 | Q43: 2 | R43: 2 | S43: 2 | T43: 2 | U43: 2 | V43: 2 | W43: 2 | X43: 2 | Y43: 2 | AA43: 13.6 | AB43: 43.7 | AC43: 74.3 | AD43: 8.53 | AF43: 166 | AG43: 101.4 | AH43: 29 | AI43: 178 | AJ43: 35.6 | AK43: 406 | AO43: Rt MCA infract | AQ43: M1 segment, Proximal A1 Rt ACA, Terminal Rt ICA thrombus | AS43: 9 | AT43: 3 | AU43: 1 | AV43: 3 | AW43: 5 | AY43: 1 | AZ43: 2 | BA43: 1 | BB43: 1 | BC43: 4 | BD43: 2 | BE43: 2 | BF43: 0 | BG43: 100 | BH43: 1 | BI43: 2 | BJ43: 0 | BK43: 1 | BL43: 1 | BM43: 1 | BN43: 1 | BO43: 0 | BP43: 0 | BQ43: 0 | BR43: 0 | BS43: 0 | BT43: 0 | BU43: 0 | BV43: 7 | BW43: 1 | BX43: 1 | BY43: 0
A44: LY | B44: Prakash PAwar | C44: Prakash Pawar | D44: 0 | E44: 11.856 | F44: 230402759 | G44: 54 | H44: 1 | I44: 45034 | J44: 0.375 | K44: 45034 | L44: 45035 | M44: 8997444447 | O44: 3 | P44: 2 | Q44: 1 | R44: 2 | S44: 2 | T44: 2 | U44: 2 | V44: 2 | W44: 2 | X44: 2 | Y44: 2 | AA44: 15.5 | AB44: 45.7 | AC44: 86.9 | AD44: 13 | AE44: 7.6 | AF44: 197 | AG44: 140 | AH44: 26 | AI44: 155 | AJ44: 31 | AK44: 213 | AO44: Acute stroke in Rt MCA /PCA watershed area | AQ44: Thrombosis Rt internal carotid artery | AS44: 9 | AT44: 3 | AU44: 1 | AV44: 3 | AW44: 5 | AY44: 1 | AZ44: 1 | BA44: 2 | BD44: 2 | BE44: 2 | BF44: 0 | BG44: 100 | BH44: 0 | BI44: 0 | BJ44: 2 | BK44: 2 | BL44: 1 | BM44: 1 | BN44: 1 | BV44: 7 | BW44: 1 | BX44: 0 | BY44: 1
A45: OI | B45: Ratnmala A Gaikwad | C45: ratnamala gaikwad | D45: 0 | E45: unable to download | F45: 240015649 | G45: 68 | H45: 2 | I45: 45395 | J45: 0.41666667 | K45: 45396 | L45: 45398 | M45: 9021100108 | O45: 0 | P45: 1 | Q45: 2 | R45: 2 | S45: 2 | T45: 2 | U45: 2 | V45: 2 | W45: 2 | X45: 2 | Y45: 2 | Z45: Hypothyroid | AA45: 10.8 | AB45: 33.9 | AC45: 13.6 | AD45: 6.18 | AE45: 6.9 | AF45: 239 | AG45: 156.4 | AH45: 48 | AI45: 173 | AJ45: 34.6 | AK45: 1560 | AO45: Right MCA PCA watershed infract | AQ45: Non opacification of V4 segement of left vetebral artery | AS45: 10 | AT45: 3 | AU45: 1 | AV45: 3 | AW45: 5 | AY45: 1 | AZ45: 1 | BA45: 2 | BD45: 2 | BE45: 2 | BF45: 2 | BG45: 70 | BH45: 1 | BI45: 2 | BJ45: 2 | BK45: 0 | BL45: 1 | BM45: 1 | BN45: 1 | BO45: 0 | BP45: 0 | BQ45: 0 | BR45: 0 | BS45: 0 | BT45: 0 | BU45: 0 | BV45: 8 | BW45: 1 | BX45: 1 | BY45: 0
A46: BR | B46: Ganapatrao Baset | C46: basetkar ganpat | D46: 0 | E46: 0.31515 | F46: 240000084235 | G46: 76 | H46: 1 | I46: 45564 | J46: 0.33333333 | K46: 45564 | L46: 45565 | M46: 9975360762 | P46: 1 | Q46: 1 | R46: 2 | S46: 1 | T46: 2 | U46: 2 | V46: 2 | W46: 2 | X46: 2 | Y46: 2 | AA46: 13 | AB46: 38.8 | AC46: 90.8 | AK46: 148 | AO46: Rt corona radiata infract and high parieatal region infract | AQ46: Mild calcified plaque in both intracranial ICA without narrowing | AS46: 8 | AT46: 3 | AU46: 1 | AV46: 3 | AW46: 5 | AY46: 1 | AZ46: 1 | BA46: 2 | BC46: 4 | BD46: 2 | BE46: 2 | BF46: 0 | BG46: 100 | BH46: 0 | BI46: 0 | BJ46: 0 | BK46: 0 | BL46: 0 | BM46: 0 | BN46: 0 | BO46: 0 | BP46: 1 | BQ46: 2 | BR46: 2 | BS46: 1 | BT46: 1 | BU46: 1 | BV46: 8 | BW46: 1 | BX46: 1 | BY46: 1
A47: JQ | B47: Bhimshankar Pawar | C47: Pawar Bhimashankar | D47: 0 | E47: 0.406824 | F47: 240033305 | G47: 81 | H47: 1 | I47: 45451 | J47: 0.5 | K47: 45451 | L47: 45573 | M47: 7020438411 | O47: 11 | P47: 1 | Q47: 2 | R47: 2 | S47: 2 | T47: 2 | U47: 2 | V47: 2 | W47: 2 | X47: 2 | Y47: 2 | AA47: 13.4 | AB47: 39.1 | AC47: 10.39 | AF47: 215 | AG47: 139 | AH47: 35 | AI47: 205 | AJ47: 41 | AO47: Small infract in left MCA teritory old gliosis in Lt MCA teritory | AQ47: Lt ICA plaques not causing significant luminal occlusion | AS47: 10 | AT47: 3 | AU47: 1 | AV47: 3 | AW47: 5 | AY47: 1 | BA47: 1 | BB47: 1 | BD47: 2 | BE47: 2 | BF47: 1 | BG47: 80 | BO47: 0 | BP47: 1 | BQ47: 2 | BR47: 2 | BS47: 1 | BT47: 1 | BU47: 1 | BV47: 8 | BW47: 1 | BX47: 1 | BY47: 0
A48: BW | B48: kalburgi siddharam | C48: kalburgi siddharam | D48: 0 | E48: 1.13814 | F48: 240000097023 | G48: 69 | H48: 1 | I48: 45610 | J48: 0.60416667 | K48: 45612 | O48: 3 | P48: 1 | Q48: 2 | R48: 2 | S48: 2 | T48: 2 | U48: 2 | V48: 2 | W48: 2 | X48: 2 | Y48: 2 | AO48: Left corona radiata and putamen infarct | AQ48: Normal | AS48: 9 | AT48: 3 | AU48: 1 | AV48: 3 | AW48: 4 | AY48: 1 | AZ48: 1 | BA48: 2 | BC48: 4 | BD48: 2 | BE48: 2 | BF48: 0 | BG48: 100 | BH48: 0 | BI48: 0 | BJ48: 0 | BK48: 0 | BL48: 0 | BM48: 0 | BN48: 0 | BO48: 0 | BP48: 1 | BQ48: 2 | BR48: 2 | BS48: 1 | BT48: 1 | BU48: 1 | BV48: 8 | BW48: 1 | BX48: 1 | BY48: 1
A49: CQ | B49: Eknath Bhavekar | C49: Eknath Bhavekar | D49: 1 | E49: 1.15342 | F49: 230010594 | G49: 72 | H49: 1 | I49: 45266 | J49: 0.35416667 | K49: 45266 | L49: 45267 | M49: 9325344148 | O49: 10 | P49: 2 | Q49: 2 | R49: 2 | S49: 2 | T49: 2 | U49: 2 | V49: 2 | W49: 2 | X49: 2 | Y49: 2 | AA49: 12.1 | AB49: 43.2 | AC49: 98.6 | AD49: 77.57 | AE49: 5.3 | AF49: 166 | AG49: 123.4 | AH49: 25 | AI49: 88 | AJ49: 17.6 | AK49: 2000 | AO49: A/c infract let posterior limb of internal capsule | AQ49: Wide small saccular anevrysm is the cavernous segement of Rt ICA. No obvious extravasation of contrast is seen. Hypoplastic right verlebral artery colinving as the anterior inferior cerebeller artery | AS49: 10 | AT49: 3 | AU49: 1 | AV49: 3 | AW49: 5 | AY49: 1 | AZ49: 1 | BA49: 2 | BC49: 4 | BD49: 2 | BE49: 2 | BF49: 2 | BG49: 80 | BH49: 0 | BI49: 0 | BJ49: 0 | BK49: 0 | BL49: 0 | BM49: 0 | BN49: 0 | BO49: 0 | BP49: 1 | BQ49: 2 | BR49: 2 | BS49: 1 | BT49: 1 | BU49: 1 | BV49: 8 | BW49: 0 | BX49: 0 | BY49: 0
A50: BZ | B50: Suresh Adhyapak | C50: #N/A | D50: 1 | E50: 2.27313 | F50: 201200469 | G50: 73 | H50: 1 | I50: 45063 | K50: 45065 | L50: 45075 | M50: 9822495454 | O50: 6 | P50: 1 | Q50: 1 | R50: 1 | S50: 2 | T50: 2 | U50: 2 | V50: 2 | W50: 2 | X50: 2 | Y50: 1 | AA50: 12 | AB50: 40 | AC50: 84.6 | AE50: 7 | AK50: 806 | AO50: A/C infract Rt lentiform nucleus | AQ50: B/L ventral arteries show atherosclerotic changes. Atherosclerotic changes in cavernous and supra clinic segments of both ICAs and MCAs | AS50: 10 | AT50: 3 | AV50: 3 | AW50: 5 | AY50: 1 | AZ50: 2 | BA50: 2 | BD50: 2 | BE50: 2 | BO50: 0 | BP50: 1 | BQ50: 2 | BR50: 2 | BS50: 1 | BT50: 1 | BU50: 1 | BV50: 8 | BW50: 1 | BX50: 1
A51: BT | B51: Shikrisha Joshi | C51: joshi shrikrushna | D51: 0 | E51: 2.92196 | F51: 240000084164 | G51: 77 | H51: 1 | I51: 45563 | J51: 0.625 | K51: 45564 | L51: 45568 | M51: 9561573153 | O51: 11 | P51: 1 | Q51: 2 | R51: 2 | S51: 2 | T51: 2 | U51: 2 | V51: 2 | W51: 1 | X51: 2 | Y51: 1 | Z51: Stroke in 2020 | AA51: 14.4 | AB51: 44.2 | AC51: 88.8 | AD51: 26.4 | AE51: 5.8 | AF51: 216 | AG51: 156 | AH51: 44 | AI51: 76 | AJ51: 15.2 | AK51: 174 | AO51: Acute infract in Rt pons Lt fronto parietal, Lt centrum semiovale, left corona radiata | AQ51: Large calcified plaque in Left ICA distal to origin causing 60 % narrowing , multiple plaque in B/L clinoid ICA | AS51: 9 | AT51: 3 | AU51: 1 | AV51: 3 | AW51: 5 | AY51: 1 | AZ51: 1 | BA51: 2 | BC51: 4 | BD51: 2 | BE51: 2 | BF51: 6 | BG51: 0 | BH51: 0 | BI51: 0 | BJ51: 0 | BK51: 0 | BL51: 0 | BM51: 0 | BN51: 0 | BO51: 0 | BP51: 1 | BQ51: 2 | BR51: 2 | BS51: 1 | BT51: 1 | BU51: 1 | BV51: 8 | BW51: 1 | BX51: 1 | BY51: 1
A52: CH | B52: Santosh Nande | C52: Santosh nande | D52: 1 | E52: 3.51612 | F52: 200900562 | G52: 55 | H52: 1 | I52: 45180 | J52: 0.27083333 | K52: 45180 | L52: 45204 | M52: 9890854804 | O52: 8 | P52: 1 | Q52: 1 | R52: 2 | S52: 2 | T52: 2 | U52: 2 | V52: 2 | W52: 1 | X52: 2 | Y52: 2 | Z52: On DAPT | AA52: 13.2 | AB52: 39.4 | AC52: 81.4 | AD52: 10.9 | AE52: 8.5 | AF52: 96 | AG52: 42.6 | AH52: 33 | AI52: 102 | AJ52: 20.4 | AK52: 213 | AO52: MRI - Infarct in rt FPT lobes , rt centrum semiovale and rt corona radiata | AQ52: RT MCA is poor opacified from the circle of willis. Mild name wing in the M1 segments of RT with marked paucity of cortical branches of rt MCA | AS52: 8 | AT52: 3 | AU52: 1 | AV52: 2 | AW52: 4 | AY52: 1 | AZ52: 2 | BA52: 2 | BD52: 2 | BE52: 1 | BF52: 4 | BG52: 45 | BH52: 0 | BI52: 2 | BJ52: 2 | BK52: 1 | BL52: 1 | BM52: 1 | BN52: 1 | BO52: 0 | BP52: 0 | BQ52: 0 | BR52: 0 | BS52: 0 | BT52: 0 | BU52: 0 | BV52: 8 | BW52: 1 | BX52: 0 | BY52: Rt CCA thrombus
A53: LN | B53: Kantilal Kudale | C53: Kudale Kantilal | D53: 0 | E53: 7.36157 | F53: 240000023896 | G53: 74 | H53: 1 | I53: 45382 | K53: 45384 | L53: 45386 | M53: 9011783896 | O53: 15 | P53: 1 | Q53: 1 | R53: 2 | S53: 2 | T53: 2 | U53: 2 | V53: 2 | W53: 2 | X53: 2 | Y53: 2 | Z53: Anemia | AA53: 9.9 | AB53: 30.3 | AC53: 85.9 | AD53: 16.74 | AE53: 7.6 | AF53: 148 | AG53: 67.4 | AH53: 34 | AI53: 233 | AJ53: 46.6 | AK53: 286 | AO53: Left internal watershed infract acute Right MCA-PCA; MCA ACA old watershed infracts | AQ53: Rt ICA 95% stenosis CT ICA 99% stenosis Rt vetebral artery 60-70% stenosis mild basilar 90% stenosis subcloning steal phenomenon | AS53: 9 | AT53: 3 | AU53: 1 | AV53: 3 | AW53: 5 | AY53: 1 | AZ53: 1 | BA53: 2 | BD53: 2 | BE53: 2 | BF53: 0 | BG53: 100 | BH53: 0 | BI53: 0 | BJ53: 0 | BK53: 0 | BL53: 0 | BM53: 0 | BN53: 0 | BO53: 0 | BP53: 1 | BQ53: 2 | BR53: 2 | BS53: 1 | BT53: 1 | BU53: 1 | BV53: 8 | BW53: 0 | BX53: 0 | BY53: 0
A54: CO | B54: Keshav Bhanage | C54: Bhanage Keshav Pandurang | D54: 1 | E54: 8.26498 | F54: 220602866 | G54: 80 | H54: 1 | K54: 44732 | L54: 05-07-0222 | M54: 9822894046 | O54: 6 | P54: 2 | Q54: 1 | R54: 2 | S54: 2 | T54: 1 | U54: 2 | V54: 2 | W54: 2 | X54: 2 | Y54: 2 | Z54: Covid 19 +ve 05/07/2022 | AA54: 13.2 | AB54: 41 | AC54: 92 | AD54: 43.6 | AE54: 10.6 | AF54: 177 | AG54: 100 | AH54: 35 | AI54: 210 | AK54: 148 | AO54: Rt MCA infract Rt ICA calcified atherosclerotic changes 60% narrowing. Rt ventral artery 40% narrowing | AS54: 7 | AT54: 3 | AU54: 1 | AV54: 3 | AW54: 5 | AY54: 1 | AZ54: 1 | BA54: 2 | BC54: 4 | BD54: 2 | BE54: 2 | BF54: 1 | BG54: 95 | BH54: 0 | BI54: 2 | BJ54: 2 | BK54: 2 | BL54: 1 | BM54: 0 | BN54: 1 | BO54: 0 | BP54: 0 | BQ54: 0 | BR54: 0 | BS54: 0 | BT54: 0 | BU54: 0 | BV54: 8 | BW54: 1 | BX54: 1 | BY54: 0
A55: CE | B55: Ravindra Maral | C55: Maral ravindra | D55: 1 | E55: 13.5027 | F55: 24000005480 | G55: 50 | H55: 1 | I55: 45302 | J55: 0.66666667 | K55: 45305 | L55: 45309 | M55: 9881713537 | P55: 1 | Q55: 1 | R55: 2 | S55: 2 | T55: 2 | U55: 2 | V55: 2 | W55: 2 | X55: 2 | Y55: 2 | AA55: 14.6 | AB55: 42.4 | AC55: 97.1 | AD55: 20.97 | AE55: 8.7 | AF55: 145 | AG55: 85.2 | AH55: 31 | AI55: 144 | AJ55: 28.8 | AK55: 324 | AL55: 89 | AO55: Left PCA-MCA watershed infract | AQ55: Left internal carotid artery clinoid Partial stenosis (70-75% luminal narrowing) | AS55: 9 | AT55: 3 | AU55: 1 | AV55: 3 | AW55: 5 | AY55: 1 | AZ55: 1 | BA55: 2 | BD55: 2 | BE55: 2 | BF55: 0 | BG55: 100 | BH55: 0 | BI55: 0 | BJ55: 0 | BK55: 0 | BL55: 0 | BM55: 0 | BN55: 0 | BO55: 0 | BP55: 1 | BQ55: 2 | BR55: 2 | BS55: 1 | BT55: 1 | BU55: 1 | BV55: 8 | BW55: 1 | BX55: 1 | BY55: 0
A56: BS | B56: Ganpat Dabhade | C56: dabhade ganpat | D56: 0 | E56: 17.1551 | F56: 240000086837 | G56: 64 | H56: 1 | I56: 45568 | K56: 45573 | L56: 45575 | M56: 9764824294 | O56: 11 | P56: 2 | Q56: 2 | R56: 2 | S56: 2 | T56: 1 | U56: 2 | V56: 2 | W56: 2 | X56: 2 | Y56: 1 | Z56: Left pontine infract march 2024, onset time unknown | AA56: 14.3 | AD56: 6.29 | AE56: 6.9 | AF56: 174 | AG56: 123 | AH56: 27 | AI56: 116 | AJ56: 23 | AO56: Rt MCA infract | AQ56: Rt supraclinoid ICA stenosis and thrombosis of A1 segment of Rt ACA | AS56: 9 | AT56: 3 | AU56: 1 | AV56: 3 | AW56: 5 | AY56: 1 | AZ56: 1 | BA56: 2 | BC56: 4 | BD56: 2 | BE56: 2 | BF56: 2 | BG56: 60 | BH56: 0 | BI56: 1 | BJ56: 2 | BK56: 2 | BL56: 1 | BM56: 1 | BN56: 1 | BO56: 0 | BP56: 0 | BQ56: 0 | BR56: 0 | BS56: 0 | BT56: 0 | BU56: 0 | BV56: 8 | BW56: 1 | BX56: 1 | BY56: 1
A57: CT | B57: Smitha Ajgoankar | C57: Smita Ajgaonkar | D57: 1 | E57: 22.9807 | F57: 230104311 | G57: 77 | H57: 2 | K57: 44949 | L57: 44959 | M57: 9730041275 | O57: 14 | P57: 2 | Q57: 2 | R57: 2 | S57: 2 | T57: 2 | U57: 2 | V57: 2 | W57: 2 | X57: 2 | Y57: 1 | AA57: 11.4 | AB57: 36 | AC57: 77.8 | AD57: 16.7 | AE57: 9.9 | AF57: 169 | AG57: 101 | AH57: 57 | AI57: 55 | AJ57: 11 | AK57: 1202 | AO57: Left pre central (frontal lobe) Rt half of spleen left frontal | AQ57: Paucity of insular grades of left MCA and Parafalcine area left insular cortex and left post central gyrus | AS57: 10 | AT57: 3 | AU57: 1 | AV57: 3 | AW57: 4 | AY57: 1 | BA57: 2 | BC57: 2 | BF57: 4 | BG57: 20 | BH57: 0 | BI57: 0 | BJ57: 0 | BK57: 0 | BL57: 0 | BM57: 0 | BN57: 0 | BO57: 0 | BP57: 1 | BQ57: 2 | BR57: 2 | BS57: 1 | BT57: 1 | BU57: 1 | BV57: 8 | BW57: 1 | BX57: 1 | BY57: 0
A58: CF | B58: Prakash Sharma | C58: Prakash Sharma | D58: 1 | E58: 25.1892 | F58: 230000075100 | G58: 58 | H58: 1 | I58: 45285 | J58: 0.41666667 | K58: 45285 | M58: 8320542903 | O58: 10 | P58: 2 | Q58: 1 | R58: 2 | S58: 2 | T58: 2 | U58: 2 | V58: 2 | W58: 1 | X58: 2 | Y58: 2 | Z58: Cataract surgery, H10 MI in 2014 | AA58: 15.4 | AB58: 48.5 | AC58: 89.1 | AD58: 39.3 | AE58: 6.2 | AF58: 186 | AG58: 111 | AH58: 32 | AI58: 212 | AJ58: 42 | AK58: 148 | AL58: 88 | AO58: Known left MCA teritory infract ventriculomegaly | AS58: 10 | AT58: 3 | AU58: 1 | AV58: 3 | AW58: 5 | AY58: 1 | AZ58: 2 | BA58: 1 | BB58: 2 | BD58: 2 | BE58: 2 | BF58: 0 | BG58: 100 | BH58: 0 | BI58: 0 | BJ58: 0 | BK58: 0 | BL58: 0 | BM58: 0 | BN58: 0 | BO58: 1 | BP58: 2 | BQ58: 2 | BR58: 2 | BS58: 0 | BT58: 0 | BU58: 1 | BV58: 8 | BW58: 0 | BX58: 0 | BY58: 0
A59: CS | B59: Vishal Pasalkar | C59: palaskar vishal | D59: 0 | E59: 25.4313 | F59: 240000072341 | G59: 43 | H59: 1 | I59: 20-08-2024 | J59: 0.85416667 | K59: 20-08-2024 | L59: 23-08-2024 | M59: 7066240904 | O59: 16 | P59: 1 | Q59: 1 | R59: 1 | S59: 1 | T59: 2 | U59: 2 | V59: 2 | W59: 1 | X59: 2 | Y59: 2 | AA59: 12.3 | AB59: 37.9 | AC59: 82.6 | AD59: 23.91 | AF59: 153 | AG59: 105.6 | AH59: 29 | AI59: 92 | AJ59: 18.4 | AO59: Left MCA infract | AQ59: Left ICA floating thrombus and left M2 distal thrombus | AS59: 8 | AT59: 3 | AU59: 1 | AV59: 3 | AW59: 4 | AY59: 1 | AZ59: 1 | BA59: 1 | BB59: 2 | BD59: 2 | BE59: 2 | BF59: 1 | BG59: 95 | BH59: 0 | BI59: 0 | BJ59: 0 | BK59: 0 | BL59: 0 | BM59: 0 | BN59: 0 | BO59: 1 | BP59: 2 | BQ59: 2 | BR59: 0 | BS59: 1 | BT59: 1 | BU59: 1 | BV59: 8 | BW59: 0 | BX59: 1 | BY59: 0
A60: CI | B60: Dnyanoba Dhindale | C60: Dnyanoba Dhindale | D60: 1 | E60: 34.2507 | F60: 24000004454 | G60: 62 | H60: 1 | I60: 45301 | J60: 0.875 | K60: 45302 | L60: 45302 | M60: 8208224545 | N60: 7744911292 | O60: 5 | P60: 2 | Q60: 1 | R60: 2 | S60: 1 | T60: 1 | U60: 2 | V60: 2 | W60: 2 | X60: 2 | Y60: 2 | AA60: 13.4 | AB60: 39.8 | AC60: 90.5 | AD60: 10.59 | AF60: 209 | AG60: 135.4 | AH60: 29 | AI60: 223 | AJ60: 44.6 | AK60: 217 | AO60: Rt MCA PCA watershed infract | AQ60: 90% stenosis of Rt vertebral ostium and stenosis inferior division of right MCA | AS60: 9 | AT60: 3 | AU60: 1 | AV60: 3 | AW60: 5 | AY60: 2 | AZ60: 2 | BA60: 2 | BD60: 2 | BE60: 2 | BF60: 1 | BG60: 80 | BH60: 0 | BI60: 2 | BJ60: 2 | BK60: 2 | BL60: 1 | BM60: 0 | BN60: 1 | BO60: 0 | BP60: 0 | BQ60: 0 | BR60: 0 | BS60: 0 | BT60: 0 | BU60: 0 | BV60: 8 | BW60: 1 | BX60: 1 | BY60: 0
A61: CJ | B61: Kamal Bhosale | C61: Kamal Bhosale Maruti | D61: 1 | E61: 60.8746 | F61: 220904362 | G61: 65 | H61: 2 | K61: 44827 | L61: 44829 | M61: 9657788822 | N61: 9112318022 | O61: 24 | P61: 1 | Q61: 2 | R61: 2 | S61: 2 | T61: 2 | U61: 2 | V61: 2 | W61: 2 | X61: 2 | Y61: 2 | Z61: Pulmonary kochst | AA61: 12 | AB61: 38.9 | AC61: 79.4 | AD61: 8 | AK61: 732 | AO61: Rt FTP , lentiform nucleus Rt insular infract | AQ61: M1 Rt MCA eccentric fully defect distal M1 m2 narrow | AS61: 8 | AT61: 3 | AU61: 2 | AV61: 3 | AW61: 4 | AY61: 1 | AZ61: 1 | BA61: 2 | BF61: 6 | BG61: 0 | BH61: 1 | BI61: 2 | BJ61: 1 | BK61: 1 | BL61: 1 | BM61: 1 | BN61: 1 | BO61: 0 | BP61: 0 | BQ61: 0 | BR61: 0 | BS61: 0 | BT61: 0 | BU61: 0 | BV61: 8 | BW61: 1 | BX61: 1 | BY61: 0
A62: BP | B62: Dagadubai Walung | C62: Dagadubai Walung | D62: 0 | E62: 186.369 | F62: 2400035365 | G62: 77 | H62: 2 | I62: 45446 | J62: 0.625 | K62: 45447 | L62: 45468 | M62: 9422987475 | O62: 19 | P62: 1 | Q62: 2 | R62: 1 | S62: 2 | T62: 2 | U62: 2 | V62: 2 | W62: 2 | X62: 2 | Y62: 2 | AA62: 11.9 | AB62: 36 | AC62: 97.4 | AO62: Left MCA infract massive | AQ62: Left M1 occlusion B/L ICA non-occlusive plaques Rt vetebral artery hypoplastic | AS62: 3 | AT62: 3 | AU62: 1 | AV62: 5 | AW62: 5 | AY62: 1 | BA62: 2 | BC62: 1 | BD62: 2 | BE62: 2 | BF62: 2 | BG62: 60 | BH62: 0 | BI62: 0 | BJ62: 0 | BK62: 0 | BL62: 0 | BM62: 0 | BN62: 0 | BO62: 0 | BP62: 2 | BQ62: 1 | BR62: 2 | BS62: 1 | BT62: 1 | BU62: 1 | BV62: 8 | BW62: 0 | BX62: 1 | BY62: Lt CCA plaque
A63: EF | B63: Latif Munir | C63: LATIF MUNIR | D63: 0 | E63: 0.305118 | F63: 240000038305 | G63: 59 | H63: 1 | I63: 45408 | J63: 0.875 | K63: 45408 | L63: 45409 | M63: 7387563186 | N63: 9665374777 | O63: 0 | P63: 1 | Q63: 2 | R63: 2 | S63: 2 | T63: 2 | U63: 2 | V63: 2 | W63: 2 | X63: 2 | Y63: 2 | AA63: 13.6 | AB63: 40.9 | AC63: 87.7 | AD63: 24.17 | AE63: 5.2 | AK63: 243 | AO63: Right centrum semiovale infract | AS63: 9 | AT63: 3 | AU63: 1 | AV63: 3 | AW63: 5 | AY63: 1 | AZ63: 1 | BA63: 2 | BD63: 2 | BE63: 2 | BF63: 0 | BG63: 100 | BH63: 0 | BI63: 2 | BJ63: 2 | BK63: 2 | BL63: 1 | BM63: 1 | BN63: 1 | BO63: 0 | BP63: 0 | BQ63: 0 | BR63: 0 | BS63: 0 | BT63: 0 | BU63: 0 | BV63: 9 | BW63: 1 | BX63: 1 | BY63: 0
A64: FJ | B64: Deepak Tiwari | C64: Tiwari Deepak | D64: 0 | E64: 0.464942 | F64: 24000003430 | G64: 70 | H64: 1 | I64: 45351 | J64: 0.95833333 | K64: 45352 | L64: 45353 | O64: 1 | P64: 1 | Q64: 1 | R64: 2 | S64: 1 | T64: 2 | U64: 2 | V64: 2 | W64: 2 | X64: 2 | Y64: 2 | AA64: 13.5 | AB64: 39.3 | AC64: 88.5 | AE64: 6.6 | AF64: 149 | AG64: 97.6 | AH64: 32 | AI64: 97 | AJ64: 19.4 | AK64: 304 | AO64: Left Corona radiata infract | AQ64: Normal | AS64: 9 | AT64: 3 | AU64: 1 | AV64: 3 | AW64: 5 | AY64: 1 | AZ64: 1 | BA64: 2 | BD64: 2 | BE64: 2 | BF64: 0 | BG64: 100 | BH64: 0 | BI64: 0 | BJ64: 0 | BK64: 0 | BL64: 0 | BM64: 0 | BN64: 0 | BO64: 0 | BP64: 2 | BQ64: 2 | BR64: 2 | BS64: 1 | BT64: 1 | BU64: 1 | BV64: 9 | BW64: 1 | BX64: 1 | BY64: 0
A65: FH | B65: Ramesh Rao | C65: rao ramesh | D65: 0 | E65: 1.04612 | F65: 23000032467 | G65: 77 | H65: 1 | I65: 45503 | J65: 0.375 | K65: 45503 | L65: 45505 | M65: 9860170340 | O65: 2 | P65: 2 | Q65: 1 | R65: 2 | S65: 2 | T65: 2 | U65: 2 | V65: 2 | W65: 1 | X65: 2 | Y65: 2 | Z65: Dementia | AA65: 13.3 | AB65: 40.2 | AC65: 90.1 | AD65: 21.14 | AE65: 6.3 | AF65: 107 | AG65: 50.6 | AH65: 41 | AI65: 77 | AJ65: 15.4 | AK65: 425 | AO65: Left MCA-PCA watershed infract and left internal watershed infract | AQ65: B/L supraclinoid plaque; not causing obstruation | AS65: 9 | AT65: 3 | AU65: 1 | AV65: 3 | AW65: 5 | AY65: 1 | AZ65: 1 | BA65: 2 | BD65: 2 | BE65: 2 | BF65: 1 | BG65: 80 | BH65: 0 | BI65: 0 | BJ65: 0 | BK65: 0 | BL65: 0 | BM65: 0 | BN65: 0 | BO65: 0 | BP65: 2 | BQ65: 2 | BR65: 2 | BS65: 1 | BT65: 1 | BU65: 1 | BV65: 9 | BW65: 0 | BX65: 0 | BY65: Bilateral CCA plaque
A66: EI | B66: Geeta Ajgoakar | C66: Geeta Ajgaonkar | D66: 1 | E66: 1.08486 | F66: 230402422 | G66: 46 | H66: 2 | K66: 45032 | M66: 9028922641 | O66: 4 | P66: 1 | Q66: 1 | R66: 2 | S66: 2 | T66: 2 | U66: 2 | V66: 2 | W66: 2 | X66: 2 | Y66: 2 | AA66: 13.9 | AB66: 41.6 | AC66: 86.6 | AD66: 7.47 | AE66: 13.4 | AF66: 296 | AG66: 193.6 | AH66: 47 | AI66: 277 | AK66: 282 | AO66: Left periventricular region infarct | AQ66: B/L carotid bulb atheroscerotic plaque | AS66: 9 | AT66: 3 | AU66: 1 | AV66: 3 | AW66: 5 | AY66: 1 | AZ66: 2 | BA66: 1 | BB66: 1 | BD66: 2 | BE66: 2 | BF66: 1 | BG66: 100 | BH66: 0 | BI66: 0 | BJ66: 0 | BK66: 0 | BL66: 0 | BM66: 0 | BN66: 0 | BO66: 0 | BP66: 2 | BQ66: 2 | BR66: 2 | BS66: 1 | BT66: 1 | BU66: 1 | BV66: 9 | BW66: 1 | BX66: 0 | BY66: 0
A67: DM | B67: Bhikoba Khotape | C67: Bhikoba Khatape | D67: 1 | E67: 1.44326 | F67: 240000000321 | G67: 77 | H67: 1 | I67: 45292 | J67: 0.5 | K67: 45292 | L67: 45294 | M67: 9403662700 | P67: 2 | Q67: 2 | R67: 2 | S67: 2 | T67: 2 | U67: 2 | V67: 1 | W67: 1 | X67: 2 | Y67: 2 | AA67: 9.6 | AB67: 31.9 | AC67: 69.8 | AD67: 13.55 | AE67: 5.6 | AF67: 124 | AG67: 70.4 | AH67: 35 | AI67: 93 | AJ67: 18.6 | AK67: 191 | AM67: S. Iron-14, UIBC- 345, TIBC- 359, transferrin saturation-3.89% | AO67: S/O multiple infracts in Lt fronto temporal parieatal region likely embolic | AS67: 9 | AT67: 3 | AU67: 1 | AV67: 3 | AW67: 5 | AY67: 1 | AZ67: 1 | BA67: 2 | BC67: 3 | BD67: 2 | BE67: 2 | BF67: 0 | BG67: 75 | BH67: 0 | BI67: 0 | BJ67: 0 | BK67: 0 | BL67: 0 | BM67: 0 | BN67: 0 | BO67: 1 | BP67: 1 | BQ67: 2 | BR67: 2 | BS67: 1 | BT67: 1 | BU67: 1 | BV67: 9 | BW67: 0 | BX67: 0 | BY67: 0
A68: DP | B68: Prem singh Janala | C68: Prem singh janala | D68: 0 | E68: 2.2908 | F68: 240000035534 | G68: 52 | H68: 1 | I68: 45398 | J68: 0.91666667 | K68: 45399 | L68: 45402 | M68: 7219870581 | O68: 8 | P68: 1 | Q68: 1 | R68: 1 | S68: 2 | T68: 2 | U68: 2 | V68: 2 | W68: 2 | X68: 2 | Y68: 2 | AA68: 10.4 | AB68: 32.7 | AC68: 75.9 | AD68: 9.31 | AE68: 10.5 | AF68: 277 | AH68: 38 | AI68: 627 | AK68: 497 | AO68: Left corona radiata and posteroir limb of internal capsule infract | AQ68: Rt ICA plaque <50% stenosis | AS68: 9 | AT68: 3 | AU68: 1 | AV68: 3 | AW68: 5 | AY68: 1 | AZ68: 1 | BA68: 2 | BD68: 2 | BE68: 2 | BF68: 1 | BG68: 90 | BH68: 0 | BI68: 0 | BJ68: 0 | BK68: 0 | BL68: 0 | BM68: 0 | BN68: 0 | BO68: 0 | BP68: 2 | BQ68: 2 | BR68: 2 | BS68: 1 | BT68: 1 | BU68: 1 | BV68: 9 | BW68: 1 | BX68: 1 | BY68: 0
A69: LD | B69: Suman Shinde | C69: Shinde Suman | D69: 0 | E69: 3.64204 | F69: 240000059229 | G69: 65 | H69: 2 | I69: 45480 | J69: 0.40625 | K69: 45480 | L69: 45483 | M69: 9096181488 | O69: 6 | P69: 2 | Q69: 2 | R69: 2 | S69: 1 | T69: 2 | U69: 2 | V69: 1 | W69: 2 | X69: 2 | Y69: 2 | AA69: 12.3 | AB69: 37.2 | AC69: 92.4 | AD69: 10.21 | AK69: 2000 | AM69: Random Glucose- 75 | AO69: Acute infract Rt centrum semiovale | AQ69: Mild left M1 stenosis Rt normal | AS69: 10 | AT69: 3 | AU69: 1 | AV69: 3 | AW69: 4 | AY69: 1 | AZ69: 2 | BA69: 1 | BB69: 2 | BC69: 3 | BD69: 2 | BE69: 2 | BF69: 0 | BG69: 100 | BH69: 1 | BI69: 2 | BJ69: 1 | BK69: 2 | BL69: 1 | BM69: 1 | BN69: 1 | BO69: 0 | BP69: 0 | BQ69: 0 | BR69: 0 | BS69: 0 | BT69: 0 | BU69: 0 | BV69: 9 | BW69: 1 | BX69: 1 | BY69: 0
A70: DR | B70: Chandrakant Khandale | C70: Khandale Chandrakant | D70: 1 | E70: 4.15057 | F70: 240000031873 | G70: 58 | H70: 1 | J70: 0.95833333 | K70: 45385 | L70: 45387 | M70: 9763068303 | O70: 2 | P70: 1 | Q70: 1 | R70: 2 | S70: 2 | T70: 2 | U70: 2 | V70: 2 | W70: 2 | X70: 2 | Y70: 2 | AA70: 12.4 | AB70: 38.6 | AC70: 83.2 | AD70: 18.31 | AE70: 9.2 | AF70: 115 | AG70: 68.2 | AH70: 19 | AI70: 139 | AJ70: 27.8 | AK70: 209 | AO70: Right internal watershed infract and rt FP and occipital region | AQ70: Right ICA 99% stenosis at origin Left ICA 90% stenosis at origin Rt ICA at CCA left vetebral artery hypoplastic bifurcation | AS70: 10 | AT70: 3 | AU70: 1 | AV70: 3 | AW70: 5 | AY70: 1 | AZ70: 1 | BA70: 2 | BD70: 2 | BE70: 2 | BF70: 1 | BG70: 100 | BH70: 0 | BI70: 2 | BJ70: 2 | BK70: 2 | BL70: 1 | BM70: 1 | BN70: 1 | BO70: 0 | BP70: 0 | BQ70: 0 | BR70: 0 | BS70: 0 | BT70: 0 | BU70: 0 | BV70: 9 | BW70: 1 | BX70: 0 | BY70: Right CCA plaque
A71: EC | B71: Devendra Sigh | C71: DEVENDRA SINGH | D71: 0 | E71: 5.01749 | F71: 24000043531 | G71: 54 | H71: 1 | I71: 45426 | J71: 0.29166667 | K71: 45427 | L71: 45430 | M71: 9405605463 | N71: 9766993768 | O71: 3 | P71: 1 | Q71: 2 | R71: 1 | S71: 1 | T71: 1 | U71: 2 | V71: 2 | W71: 2 | X71: 2 | Y71: 2 | AA71: 16 | AB71: 47.2 | AC71: 96.7 | AD71: 16.26 | AE71: 5.4 | AK71: 178 | AO71: Left external capsule and putamen infract, left corona radiata, left lentiform nucleus | AS71: 8 | AT71: 3 | AU71: 1 | AV71: 3 | AW71: 5 | AY71: 1 | AZ71: 1 | BA71: 2 | BD71: 2 | BE71: 2 | BF71: 0 | BG71: 100 | BH71: 0 | BI71: 0 | BJ71: 0 | BK71: 0 | BL71: 0 | BM71: 0 | BN71: 0 | BO71: 0 | BP71: 2 | BQ71: 2 | BR71: 2 | BS71: 1 | BT71: 1 | BU71: 1 | BV71: 9 | BW71: 1 | BX71: 1 | BY71: 0
A72: EL | B72: Balasaheb Jadhav | C72: Balasaheb Jadhav | D72: 1 | E72: 8.09773 | F72: 24000078481 | G72: 85 | H72: 1 | I72: 45545 | J72: 0.20833333 | M72: 9130111834 | O72: 7 | P72: 1 | Q72: 2 | R72: 2 | S72: 1 | T72: 2 | U72: 2 | V72: 2 | W72: 2 | X72: 2 | Y72: 2 | Z72: Wake up stroke LKW 09/09/2024 22:00 | AO72: Acute infract Lt ACA MCA PCA watershed infract | AQ72: Left carotid bulb 40% stenosis and origin of Left CCA 90% stenosis Rt ICA 70% stenosis | AS72: 8 | AT72: 3 | AU72: 1 | AV72: 3 | AW72: 5 | AY72: 1 | AZ72: 1 | BA72: 2 | BC72: 4 | BD72: 2 | BE72: 2 | BF72: 1 | BG72: 85 | BH72: 0 | BI72: 0 | BJ72: 0 | BK72: 0 | BL72: 0 | BM72: 0 | BN72: 0 | BO72: 1 | BP72: 1 | BQ72: 2 | BR72: 2 | BS72: 1 | BT72: 1 | BU72: 1 | BV72: 9 | BW72: 1 | BX72: 1 | BY72: 0
A73: DU | B73: Sattyawan Taro | C73: Taru Sattyawan | D73: 1 | E73: 11.7882 | F73: 20100124342 | G73: 56 | H73: 1 | K73: 44978 | M73: 8975275847 | O73: 2 | P73: 2 | Q73: 1 | R73: 2 | S73: 2 | T73: 2 | U73: 2 | V73: 2 | W73: 2 | X73: 2 | Y73: 2 | AA73: 15.1 | AD73: 30.87 | AE73: 17.1 | AK73: 183 | AO73: Left centrum semiovale, left coronaradiata, left lentiform nucleus; left parrietal lobe infract with tiny areas of hemorrghic transformation | AS73: 9 | AT73: 3 | AU73: 1 | AV73: 3 | AW73: 5 | AY73: 1 | AZ73: 1 | BA73: 2 | BD73: 2 | BE73: 2 | BF73: 1 | BG73: 85 | BH73: 0 | BI73: 0 | BJ73: 0 | BK73: 0 | BL73: 0 | BM73: 0 | BN73: 0 | BO73: 1 | BP73: 1 | BQ73: 2 | BR73: 2 | BS73: 1 | BT73: 1 | BU73: 1 | BV73: 9 | BW73: 1 | BX73: 1 | BY73: 0
A74: CZ | B74: Shriganesh Dhere | C74: dhere shriganesh | D74: 0 | E74: 12.2241 | F74: 240000098101 | G74: 50 | H74: 1 | I74: 45616 | J74: 0.20833333 | K74: 45616 | L74: 45618 | M74: 9850868611 | N74: 9922941022 | O74: 9 | P74: 1 | Q74: 2 | R74: 2 | S74: 2 | T74: 1 | U74: 2 | V74: 2 | W74: 2 | X74: 2 | Y74: 2 | AA74: 15.8 | AD74: 10.83 | AE74: 6.2 | AK74: 911 | AO74: B/L internal watershed infracts | AQ74: Rt clinoid ICA right stenosis (80-90%) | AS74: 9 | AT74: 3 | AU74: 1 | AV74: 3 | AW74: 5 | AY74: 1 | AZ74: 1 | BA74: 2 | BC74: 4 | BD74: 2 | BE74: 2 | BF74: 0 | BG74: 100 | BH74: 1 | BI74: 1 | BJ74: 2 | BK74: 2 | BL74: 1 | BM74: 1 | BN74: 1 | BO74: 0 | BP74: 0 | BQ74: 0 | BR74: 0 | BS74: 0 | BT74: 0 | BU74: 0 | BV74: 9 | BW74: 1 | BX74: 1 | BY74: 1
A75: FL | B75: Sainath S Vakode | C75: sainath vakode | D75: 1 | E75: 12.7907 | F75: 230803603 | G75: 33 | H75: 1 | I75: 45161 | J75: 0.9375 | K75: 45161 | L75: 45167 | M75: 9637311461 | O75: 9 | P75: 1 | Q75: 2 | R75: 1 | S75: 2 | T75: 1 | U75: 2 | V75: 2 | W75: 1 | X75: 2 | Y75: 1 | AA75: 15.9 | AB75: 49.5 | AC75: 90 | AD75: 39.44 | AE75: 5.9 | AF75: 167 | AG75: 107 | AH75: 31 | AI75: 142 | AJ75: 28.4 | AK75: 207 | AO75: Left MCA infract | AQ75: Hypodense filling defect in distal M1 segment of left MCA S/o thrombosis | AS75: 10 | AT75: 3 | AU75: 1 | AV75: 3 | AW75: 4 | AY75: 1 | AZ75: 2 | BA75: 1 | BB75: 2 | BC75: 1 | BF75: 1 | BG75: 95 | BH75: 0 | BI75: 0 | BJ75: 0 | BK75: 0 | BL75: 0 | BM75: 0 | BN75: 0 | BO75: 1 | BP75: 2 | BQ75: 2 | BR75: 2 | BS75: 1 | BT75: 0 | BU75: 1 | BV75: 9 | BW75: 1 | BX75: 1 | BY75: 0
A76: MC | B76: Shakuntala Dhumal | C76: Dhumal Shakuntala | D76: 0 | E76: 13.1733 | F76: 240000043565 | G76: 47 | H76: 2 | I76: 45426 | J76: 0.29166667 | K76: 45427 | L76: 45429 | M76: 9545440049 | O76: 5 | P76: 2 | Q76: 1 | R76: 2 | S76: 1 | T76: 2 | U76: 2 | V76: 2 | W76: 2 | X76: 2 | Y76: 2 | AA76: 12.6 | AB76: 38.3 | AC76: 77 | AD76: 3.26 | AE76: 13 | AK76: 2000 | AO76: Patchy infracts in B/L ACA- MCA and left MCA-PCA and left internal watershed infracts old right internal watershed infracts | AQ76: Rt ICA narrowing 50% at origin and cavernous segment of Rt ICA occludeal/tight stenosis | AS76: 9 | AT76: 3 | AU76: 1 | AV76: 3 | AW76: 5 | AY76: 1 | AZ76: 1 | BA76: 2 | BD76: 2 | BE76: 2 | BF76: 0 | BG76: 100 | BH76: 0 | BI76: 2 | BJ76: 2 | BK76: 2 | BL76: 1 | BM76: 1 | BN76: 1 | BV76: 9 | BW76: 1 | BX76: 0
A77: ES | B77: Dattatray Kulkarni | C77: Dattatray Kulkarni | D77: 1 | E77: 25.1117 | F77: 240014382 | G77: 75 | H77: 1 | I77: 45386 | J77: 0.47916667 | K77: 45387 | L77: 45394 | M77: 9923064112 | N77: 7972930241 | O77: 18 | P77: 2 | Q77: 2 | R77: 2 | S77: 2 | T77: 2 | U77: 2 | V77: 2 | W77: 2 | X77: 2 | Y77: 2 | Z77: Anemia with non healing ulcer | AA77: 6.7 | AB77: 20.6 | AC77: 83.4 | AD77: 22.4 | AE77: 5.4 | AF77: 93 | AG77: 33.8 | AH77: 15 | AI77: 221 | AJ77: 44.2 | AK77: 148 | AM77: Ferritin 111, S iron- 63, UIBC- 118, TIBC- 181, transferin saturation-34 | AO77: Acute NHI in the rt fronto parietal temporal lobe paucity of cortical sement of right MCA with dealyed emphying | AQ77: Paucity noted in cortical branches of rt MCA with dealyed emphying | AS77: 8 | AT77: 3 | AU77: 1 | AV77: 3 | AW77: 5 | AY77: 1 | AZ77: 1 | BA77: 2 | BD77: 2 | BE77: 2 | BF77: 1 | BG77: 70 | BH77: 0 | BI77: 2 | BJ77: 2 | BK77: 2 | BL77: 1 | BM77: 1 | BN77: 1 | BO77: 0 | BP77: 0 | BQ77: 0 | BR77: 0 | BS77: 0 | BT77: 0 | BU77: 0 | BV77: 9 | BW77: 1 | BX77: 1 | BY77: 0
A78: EU | B78: Sunil Sawant | C78: Sunil Sawant | D78: 1 | E78: 32.7977 | F78: 230104302 | G78: 52 | H78: 1 | K78: 44949 | L78: 44950 | M78: 9545062949 | O78: 6 | P78: 1 | Q78: 2 | R78: 2 | S78: 2 | T78: 2 | U78: 2 | V78: 2 | W78: 2 | X78: 2 | Y78: 2 | Z78: Thyroidectomy PODs, Hyperhomo | AA78: 13.4 | AB78: 41.5 | AC78: 83.6 | AD78: 40.79 | AK78: 241 | AO78: Infract in left FPO region with | AQ78: M1 stenosis | AS78: 8 | AT78: 3 | AU78: 1 | AV78: 3 | AW78: 5 | AY78: 1 | AZ78: 1 | BA78: 2 | BC78: 4 | BF78: 0 | BG78: 100 | BH78: 0 | BI78: 0 | BJ78: 0 | BK78: 0 | BL78: 0 | BM78: 0 | BN78: 0 | BO78: 1 | BP78: 2 | BQ78: 2 | BR78: 2 | BS78: 1 | BT78: 0 | BU78: 1 | BV78: 9 | BW78: 1 | BX78: 1 | BY78: 0
A79: FC | B79: Bhausaheb Gavali | C79: Bhausaheb Gawali | D79: 1 | E79: 84.5612 | F79: 130700886 | G79: 42 | H79: 1 | K79: 44761 | L79: 44793 | M79: 8149566554 | O79: 22 | P79: 1 | Q79: 2 | R79: 1 | S79: 2 | T79: 2 | U79: 2 | V79: 2 | W79: 1 | X79: 2 | Y79: 1 | AA79: 12.9 | AB79: 34.6 | AD79: 29.76 | AF79: 5.8 | AG79: 111.6 | AH79: 25 | AI79: 147 | AK79: 176 | AO79: Left MCA infract | AQ79: M2 cut off | AS79: 7 | AT79: 3 | AU79: 2 | AV79: 2 | AW79: 4 | AY79: 1 | AZ79: 2 | BA79: 1 | BB79: 1 | BC79: 4 | BD79: 2 | BE79: 1 | BF79: 1 | BG79: 100 | BH79: 0 | BI79: 0 | BJ79: 0 | BK79: 0 | BL79: 0 | BM79: 0 | BN79: 0 | BO79: 1 | BP79: 2 | BQ79: 2 | BR79: 2 | BS79: 0 | BT79: 1 | BU79: 1 | BV79: 9 | BW79: 1 | BX79: 1 | BY79: 0
A80: ND | B80: Sunil Dhone | C80: Sunil Dhane | D80: 0 | E80: 88.9346 | F80: 240000059246 | G80: 50 | H80: 1 | I80: 45481 | J80: 0.16666667 | K80: 45481 | L80: 45487 | M80: 9922075213 | O80: 17 | P80: 2 | Q80: 2 | R80: 1 | S80: 2 | T80: 2 | U80: 2 | V80: 2 | W80: 2 | X80: 2 | Y80: 2 | AA80: 12.1 | AB80: 35.2 | AC80: 95.6 | AD80: 16.89 | AF80: 193 | AG80: 132.2 | AH80: 40 | AI80: 104 | AJ80: 20.8 | AO80: Left distal MCA infract | AQ80: Left M2 distal thrombosis | AS80: 8 | AT80: 3 | AU80: 1 | AV80: 2 | AW80: 5 | AY80: 1 | AZ80: 2 | BA80: 2 | BD80: 2 | BE80: 2 | BF80: 6 | BG80: 0 | BH80: 0 | BI80: 0 | BJ80: 0 | BK80: 0 | BL80: 0 | BM80: 0 | BN80: 0 | BO80: 1 | BP80: 2 | BQ80: 2 | BR80: 1 | BS80: 1 | BT80: 1 | BU80: 1 | BV80: 9 | BW80: 1 | BX80: 1 | BY80: 0
A81: DA | B81: sangita musande | C81: musande sangita | D81: 0 | E81: 121.777 | F81: 240000097863 | G81: 53 | H81: 2 | I81: 45615 | J81: 0.45833333 | K81: 45615 | L81: 45622 | M81: 9325380795 | O81: 7 | P81: 1 | Q81: 1 | R81: 2 | S81: 2 | T81: 2 | U81: 2 | V81: 2 | W81: 2 | X81: 2 | Y81: 1 | Z81: Left PCA MCA watershed infarct 1.5 years ago | AA81: 13.9 | AB81: 41.8 | AC81: 87.6 | AD81: 10 | AE81: 12.4 | AF81: 195 | AG81: 138 | AH81: 35 | AI81: 109 | AJ81: 21.8 | AK81: 148 | AO81: Right inferior division of MCA infarct | AQ81: Rt M3 division of MCA occluded, Left M1 stenosis and left cavernous segment of ICA stenosis | AS81: 8 | AT81: 3 | AU81: 1 | AV81: 3 | AW81: 4 | AY81: 1 | AZ81: 2 | BA81: 2 | BC81: 4 | BD81: 2 | BE81: 2 | BF81: 1 | BG81: 100 | BH81: 1 | BI81: 2 | BJ81: 2 | BK81: 2 | BL81: 1 | BM81: 0 | BN81: 1 | BO81: 0 | BP81: 0 | BQ81: 0 | BR81: 0 | BS81: 0 | BT81: 0 | BU81: 0 | BV81: 9 | BW81: 1 | BX81: 1 | BY81: 1
A82: NO | B82: Subhadra Mali | C82: Mali Subhadra | D82: 0 | E82: 58.7182 | F82: 230000022720 | G82: 75 | H82: 2 | I82: 45398 | J82: 0.3125 | K82: 45398 | M82: 9890084283 | N82: 9970150799 | O82: 26 | P82: 1 | Q82: 2 | R82: 2 | S82: 2 | T82: 2 | U82: 2 | V82: 2 | W82: 2 | X82: 2 | Y82: 2 | AA82: 12.7 | AB82: 39 | AC82: 88.7 | AD82: 14.48 | AK82: 711 | AO82: Right MCA(inferior division) old left PICA infract | AQ82: Right MCA inferior division occlusion | AS82: 6 | AT82: 3 | AU82: 1 | AV82: 3 | AW82: 4 | AY82: 1 | AZ82: 2 | BA82: 2 | BB82: 2 | BD82: 2 | BE82: 2 | BF82: 6 | BG82: 0 | BH82: 1 | BI82: 2 | BJ82: 2 | BK82: 2 | BL82: 1 | BM82: 0 | BN82: 1 | BO82: 0 | BP82: 0 | BQ82: 0 | BR82: 0 | BS82: 0 | BT82: 0 | BU82: 0 | BV82: 9 | BW82: 0 | BX82: 0 | BY82: Left CCA plaque
A83: GS | B83: Parshuram A Shinde | C83: Parshuram Shinde | D83: 1 | E83: 0.266373 | F83: 230305267 | G83: 80 | H83: 1 | I83: 45012 | J83: 0.25 | K83: 45012 | L83: 45033 | M83: 9850853398 | P83: 2 | Q83: 2 | R83: 2 | S83: 2 | T83: 1 | U83: 2 | V83: 2 | W83: 2 | X83: 2 | Y83: 2 | AA83: 12.6 | AB83: 36.3 | AC83: 96.7 | AD83: 14.5 | AE83: 5.1 | AK83: 197 | AO83: A/C infract left frontal, Rt centrum semiovale and left pariental lobe subacute to chronic infarct left frontal lobe | AS83: 9 | AT83: 3 | AU83: 1 | AV83: 3 | AW83: 5 | AY83: 1 | AZ83: 1 | BA83: 2 | BC83: 4 | BF83: 4 | BG83: 45 | BH83: 0 | BI83: 0 | BJ83: 0 | BK83: 0 | BL83: 0 | BM83: 0 | BN83: 0 | BO83: 1 | BP83: 2 | BQ83: 2 | BR83: 2 | BS83: 1 | BT83: 1 | BU83: 1 | BV83: 10 | BW83: 1 | BX83: 1 | BY83: 0
A84: GT | B84: Prakash Mugali | C84: Prakash C Mugali | D84: 1 | E84: 0.470592 | F84: 131202821 | G84: 32 | H84: 1 | K84: 44982 | L84: 44986 | M84: 9823579765 | O84: 1 | P84: 2 | Q84: 2 | R84: 2 | S84: 2 | T84: 2 | U84: 2 | V84: 2 | W84: 2 | X84: 2 | Y84: 2 | AA84: 14.6 | AD84: 27 | AF84: 237 | AG84: 156 | AH84: 54 | AI84: 133 | AJ84: 26 | AK84: 156 | AO84: Tiny infract left precentral gyris and left parieto occipital cortex | AQ84: left ica 60-70 luminal compromise Suspicion of dissection | AS84: 10 | AT84: 3 | AU84: 1 | AV84: 3 | AW84: 5 | AY84: 1 | AZ84: 1 | BA84: 2 | BC84: 4 | BD84: 2 | BE84: 2 | BF84: 1 | BG84: 95 | BH84: 0 | BI84: 0 | BJ84: 0 | BK84: 0 | BL84: 0 | BM84: 0 | BN84: 0 | BO84: 1 | BP84: 2 | BQ84: 2 | BR84: 2 | BS84: 1 | BT84: 1 | BU84: 1 | BV84: 10 | BW84: 0 | BX84: 1 | BY84: 0
A85: KA | B85: Smit Sarode | C85: Smita sarode | D85: 0 | E85: 0.716785 | F85: 230010831 | G85: 32 | H85: 1 | I85: 45267 | J85: 0.39583333 | K85: 45267 | L85: 45239 | M85: 9923173137 | N85: 9028021092 | O85: 2 | P85: 1 | Q85: 2 | R85: 2 | S85: 2 | T85: 2 | U85: 2 | V85: 2 | W85: 2 | X85: 2 | Y85: 2 | Z85: Acute Kidney injuri | AA85: 15.1 | AB85: 45.3 | AC85: 85.9 | AD85: 24.49 | AE85: 5.2 | AK85: 148 | AO85: Right corona radiata and Rt lentiform nucleus | AQ85: Normal | AS85: 10 | AT85: 3 | AU85: 1 | AV85: 3 | AW85: 5 | AY85: 1 | AZ85: 1 | BA85: 2 | BC85: 4 | BD85: 2 | BE85: 2 | BF85: 0 | BG85: 100 | BH85: 1 | BI85: 2 | BJ85: 2 | BK85: 2 | BL85: 1 | BM85: 1 | BN85: 1 | BO85: 0 | BP85: 0 | BQ85: 0 | BR85: 0 | BS85: 0 | BT85: 0 | BU85: 0 | BV85: 10 | BW85: 1 | BX85: 1 | BY85: 0
A86: GV | B86: Vikrant Salunkhe | C86: Vikrant salunkhe | D86: 1 | E86: 0.721628 | F86: 24000002182 | G86: 30 | H86: 1 | I86: 45296 | J86: 0.91666667 | K86: 45297 | L86: 45297 | M86: 9595462767 | N86: 9049331113 | O86: 1 | P86: 2 | Q86: 2 | R86: 2 | S86: 2 | T86: 2 | U86: 2 | V86: 2 | W86: 2 | X86: 2 | Y86: 2 | AA86: 15.4 | AB86: 46.4 | AC86: 85.9 | AD86: 16.4 | AF86: 144 | AG86: 96.6 | AH86: 32 | AI86: 77 | AJ86: 15.4 | AK86: 184 | AO86: Right pre central gyris infract and right posterior frontal subcortical white matter | AQ86: Normal | AS86: 9 | AT86: 3 | AU86: 1 | AV86: 3 | AW86: 5 | AY86: 1 | AZ86: 1 | BA86: 2 | BD86: 2 | BE86: 2 | BF86: 0 | BG86: 100 | BH86: 1 | BI86: 2 | BJ86: 2 | BK86: 2 | BL86: 1 | BM86: 1 | BN86: 1 | BO86: 0 | BP86: 0 | BQ86: 0 | BR86: 0 | BS86: 0 | BT86: 0 | BU86: 0 | BV86: 10 | BW86: 1 | BX86: 1 | BY86: 0
A87: GW | B87: Padunrang Jadhav | C87: Jadhav Pandurang | D87: 1 | E87: 0.721628 | F87: 240000031562 | G87: 50 | H87: 1 | I87: 45385 | J87: 0.083333333 | K87: 45385 | L87: 45385 | M87: 9689125965 | O87: 3 | P87: 2 | Q87: 1 | R87: 1 | S87: 1 | T87: 2 | U87: 2 | V87: 2 | W87: 2 | X87: 2 | Y87: 2 | AO87: Left posterior limb of internal capsule infract | AQ87: Left ICA 80% stenosis at origin | AS87: 10 | AT87: 3 | AU87: 1 | AV87: 3 | AW87: 5 | AY87: 2 | AZ87: 2 | BA87: 2 | BD87: 2 | BE87: 2 | BF87: 0 | BG87: 100 | BH87: 0 | BI87: 0 | BJ87: 0 | BK87: 0 | BL87: 0 | BM87: 0 | BN87: 0 | BO87: 1 | BP87: 2 | BQ87: 2 | BR87: 2 | BS87: 1 | BT87: 1 | BU87: 1 | BV87: 10 | BW87: 1 | BX87: 1 | BY87: 0
A88: GX | B88: Rakesh Ghorpade | C88: Ghorpade Rakesh | D88: 1 | E88: 0.910226 | F88: 220402573 | G88: 50 | H88: 1 | K88: 44974 | L88: 44979 | M88: 9373878732 | O88: 3 | P88: 1 | Q88: 2 | R88: 2 | S88: 2 | T88: 2 | U88: 2 | V88: 2 | W88: 2 | X88: 2 | Y88: 2 | AA88: 16.2 | AB88: 47 | AC88: 96 | AD88: 70 | AE88: 5.4 | AK88: 153 | AO88: Acute infract right centrum semiovale | AS88: 10 | AT88: 3 | AU88: 1 | AV88: 3 | AW88: 5 | AY88: 1 | AZ88: 2 | BA88: 1 | BB88: 1 | BD88: 2 | BE88: 2 | BF88: 1 | BG88: 85 | BH88: 1 | BI88: 2 | BJ88: 2 | BK88: 2 | BL88: 1 | BM88: 1 | BN88: 1 | BO88: 0 | BP88: 0 | BQ88: 0 | BR88: 0 | BS88: 0 | BT88: 0 | BU88: 0 | BV88: 10 | BW88: 1 | BX88: 1 | BY88: 0
A89: HA | B89: Sidhheshwar Fatate | C89: Fatate Sidheshwar | D89: 1 | E89: 0.934726 | F89: 24000002722 | G89: 54 | H89: 1 | I89: 45298 | J89: 0.58333333 | K89: 45298 | L89: 45300 | M89: 8390060098 | N89: 7350544384 | O89: 2 | P89: 1 | Q89: 2 | R89: 2 | S89: 2 | T89: 2 | U89: 2 | V89: 2 | W89: 2 | X89: 2 | Y89: 2 | Z89: PAst H/o Hansen's disease | AA89: 13.2 | AB89: 39.3 | AC89: 82.9 | AD89: 48.66 | AF89: 145 | AG89: 94.6 | AH89: 43 | AI89: 37 | AJ89: 7.4 | AK89: 148 | AO89: Right corona radiata infract | AS89: 9 | AT89: 3 | AU89: 1 | AV89: 3 | AW89: 5 | AY89: 1 | AZ89: 1 | BA89: 2 | BD89: 2 | BE89: 2 | BF89: 0 | BG89: 100 | BH89: 1 | BI89: 2 | BJ89: 2 | BK89: 2 | BL89: 1 | BM89: 1 | BN89: 1 | BO89: 0 | BP89: 0 | BQ89: 0 | BR89: 0 | BS89: 0 | BT89: 0 | BU89: 0 | BV89: 10 | BW89: 1 | BX89: 1 | BY89: 0
A90: KF | B90: Subhas G. Devrukhkar | C90: Subhash devrukhkar | D90: 0 | E90: 0.988 | F90: 230000077005 | G90: 45 | H90: 1 | I90: 45289 | J90: 0.39583333 | K90: 45289 | M90: 9950627520 | N90: 9545324206 | O90: 1 | P90: 2 | Q90: 1 | R90: 2 | S90: 2 | T90: 2 | U90: 2 | V90: 2 | W90: 2 | X90: 2 | Y90: 2 | AA90: 14.6 | AB90: 43.8 | AC90: 80.5 | AD90: 13.4 | AE90: 10.9 | AF90: 246 | AG90: 174.4 | AH90: 38 | AI90: 168 | AJ90: 33.6 | AO90: Acute NHI in Lt thalamus and posterior limb of Lt internal capsule | AQ90: Hypodense area with lobe grey white matter in thamlalmus capsule region soft plaque noted in Lt ICA approx 60-70% narrowing calcified athero sclerotic plaque noted in Lt ICA cavernous segment of rt ICA narrowing is noted at the origin of Lt subehavior artery with approximately to 80% luminal narrowing | AS90: 10 | AT90: 3 | AU90: 1 | AV90: 3 | AW90: 5 | AY90: 1 | AZ90: 1 | BA90: 2 | BF90: 0 | BG90: 100 | BH90: 0 | BI90: 0 | BJ90: 0 | BK90: 0 | BL90: 0 | BM90: 0 | BN90: 0 | BO90: 1 | BP90: 2 | BQ90: 2 | BR90: 2 | BS90: 1 | BT90: 1 | BU90: 1 | BV90: 10 | BW90: 1 | BX90: 1 | BY90: 0
A91: HC | B91: Yogesh Dhage | C91: Dhage Yogesh Subhash | D91: 1 | E91: 1.06549 | F91: 180100273 | G91: 38 | H91: 1 | K91: 44789 | L91: 44791 | M91: 8022554869 | O91: 3 | P91: 1 | Q91: 2 | R91: 2 | S91: 2 | T91: 2 | U91: 2 | V91: 2 | W91: 2 | X91: 2 | Y91: 2 | AA91: 15.1 | AC91: 82.6 | AD91: 18.44 | AE91: 5.9 | AF91: 168 | AG91: 111.2 | AH91: 33 | AI91: 114 | AJ91: 23.8 | AK91: 163 | AO91: Left corona radiata infract | AQ91: Chr. infract B12 CN, LN, Rt CR and left thallamus | AS91: 9 | AT91: 3 | AU91: 1 | AV91: 3 | AW91: 5 | AY91: 1 | AZ91: 1 | BA91: 2 | BC91: 4 | BD91: 2 | BE91: 2 | BF91: 3 | BG91: 65 | BH91: 0 | BI91: 0 | BJ91: 0 | BK91: 0 | BL91: 0 | BM91: 0 | BN91: 0 | BO91: 1 | BP91: 2 | BQ91: 2 | BR91: 2 | BS91: 1 | BT91: 1 | BU91: 1 | BV91: 10 | BW91: 1 | BX91: 0 | BY91: 0
A92: KJ | B92: Omkar Navgive | C92: Navgire Omkar | D92: 0 | E92: 1.31249 | F92: 24000039524 | G92: 21 | H92: 1 | I92: 45413 | J92: 0.72916667 | M92: 9765666465 | O92: 4 | P92: 2 | Q92: 2 | R92: 2 | S92: 1 | T92: 2 | U92: 2 | V92: 2 | W92: 2 | X92: 2 | Y92: 2 | AO92: Left corona radiata; left middle frontal gyris and left prefrontal cortex infract | AQ92: Left ICA origin floating thrombus + plaque causing < 50% stenosis | AS92: 9 | AT92: 3 | AU92: 1 | AV92: 3 | AW92: 5 | AY92: 1 | AZ92: 1 | BA92: 2 | BC92: 4 | BD92: 2 | BE92: 2 | BF92: 0 | BG92: 100 | BH92: 0 | BI92: 0 | BJ92: 0 | BK92: 0 | BL92: 0 | BM92: 0 | BN92: 0 | BO92: 1 | BP92: 2 | BQ92: 2 | BR92: 2 | BS92: 1 | BT92: 1 | BU92: 1 | BV92: 10 | BW92: 0 | BX92: 1 | BY92: 0
A93: IG | B93: Sambhaji Shinde | C93: SAMBHAJI SHINDE | D93: 0 | E93: 1.38998 | F93: 240021466 | G93: 63 | H93: 1 | I93: 45435 | J93: 0.25 | K93: 45435 | L93: 45437 | M93: 9372820801 | O93: 5 | P93: 2 | Q93: 2 | R93: 1 | S93: 1 | T93: 2 | U93: 2 | V93: 2 | W93: 2 | X93: 2 | Y93: 2 | AA93: 13.3 | AB93: 41.6 | AC93: 88.7 | AD93: 81.18 | AE93: 5.8 | AF93: 174 | AG93: 111.6 | AH93: 33 | AI93: 147 | AJ93: 29.4 | AK93: 148 | AO93: Acute NHI in Lt centrum semiovale and corona radiata age related cerebral atrophy wiht chronic small vessel ischemic changes | AQ93: partially occluding thrombus formation in left subclavian artery and CCA. A calcifies atherosclerotic plaque in the Lt ICA non- distal to bifurcation from Lt common carotid artery not causing significant luminal compromise | AS93: 9 | AT93: 3 | AU93: 1 | AV93: 3 | AW93: 5 | AY93: 1 | AZ93: 1 | BA93: 2 | BD93: 2 | BE93: 2 | BF93: 0 | BG93: 100 | BH93: 0 | BI93: 0 | BJ93: 0 | BK93: 0 | BL93: 0 | BM93: 0 | BN93: 0 | BO93: 1 | BP93: 2 | BQ93: 2 | BR93: 2 | BS93: 1 | BT93: 1 | BU93: 1 | BV93: 10 | BW93: 1 | BX93: 0 | BY93: Left CCA plaque
A94: IR | B94: Mahamuni Dattatray | C94: #N/A | E94: 1.42388 | F94: 240000078953 | G94: 73 | H94: 1 | I94: 45546 | J94: 0.41666667 | K94: 45546 | L94: 45548 | M94: 992280463 | O94: 13 | P94: 1 | Q94: 2 | R94: 2 | S94: 2 | T94: 2 | U94: 2 | V94: 2 | W94: 2 | X94: 2 | Y94: 1 | Z94: AIS 1 year ago , ADPKD, wake up stroke | AA94: 13.3 | AD94: 23 | AE94: 5.5 | AF94: 121 | AG94: 59.4 | AH94: 40 | AI94: 108 | AJ94: 21 | AK94: 148 | AO94: Left periventricular infract, acute infract left corona radiata | AQ94: Normal | AS94: 9 | AT94: 3 | AU94: 1 | AV94: 3 | AW94: 5 | AY94: 1 | AZ94: 1 | BA94: 2 | BC94: 4 | BD94: 2 | BE94: 2 | BO94: 1 | BP94: 2 | BQ94: 2 | BR94: 2 | BS94: 1 | BT94: 1 | BU94: 1 | BV94: 10 | BW94: 1 | BX94: 1
A95: HF | B95: Vikram Nalkare | C95: Nalkare Vikram | D95: 1 | E95: 1.66718 | F95: 24000012783 | G95: 40 | H95: 1 | I95: 45326 | J95: 0.75 | K95: 45327 | M95: 8007484789 | O95: 3 | P95: 2 | Q95: 2 | R95: 2 | S95: 2 | T95: 2 | U95: 2 | V95: 2 | W95: 2 | X95: 2 | Y95: 2 | AA95: 17.1 | AB95: 50.5 | AC95: 79.2 | AD95: 30.87 | AE95: 6.7 | AK95: 225 | AL95: 153 | AO95: Acute infract posterior aspect of left lentiform nucleus, posterior limb of internal capsule and corona radiata | AQ95: Left ICA origin plaque causing N 50% stenosis | AS95: 8 | AT95: 3 | AU95: 1 | AV95: 3 | AW95: 5 | AY95: 1 | AZ95: 1 | BA95: 2 | BD95: 2 | BE95: 2 | BF95: 0 | BG95: 100 | BH95: 0 | BI95: 0 | BJ95: 0 | BK95: 0 | BL95: 0 | BM95: 0 | BN95: 0 | BO95: 1 | BP95: 2 | BQ95: 2 | BR95: 2 | BS95: 1 | BT95: 1 | BU95: 1 | BV95: 10 | BW95: 1 | BX95: 1 | BY95: 0
A96: HG | B96: Usha Dhende | C96: Usha dhende | D96: 1 | E96: 1.74837 | F96: 230000069464 | G96: 50 | H96: 2 | I96: 45271 | J96: 0.58333333 | K96: 45272 | L96: 45272 | M96: 9764791613 | N96: 7385001613 | O96: 4 | P96: 2 | Q96: 1 | R96: 2 | S96: 1 | T96: 2 | U96: 2 | V96: 2 | W96: 2 | X96: 2 | Y96: 2 | AA96: 10.5 | AB96: 33.9 | AC96: 75.9 | AD96: 14.8 | AF96: 293 | AG96: 207.4 | AH96: 73 | AI96: 63 | AJ96: 12.6 | AK96: 194 | AO96: Right corona Radiata infract | AS96: 9 | AT96: 3 | AU96: 1 | AV96: 3 | AW96: 5 | AY96: 1 | AZ96: 1 | BA96: 2 | BC96: 4 | BE96: 2 | BF96: 1 | BG96: 95 | BH96: 1 | BI96: 2 | BJ96: 2 | BK96: 2 | BL96: 1 | BM96: 1 | BN96: 1 | BO96: 0 | BP96: 0 | BQ96: 0 | BR96: 0 | BS96: 0 | BT96: 0 | BU96: 0 | BV96: 10 | BW96: 1 | BX96: 1 | BY96: 0
A97: KN | B97: Shivaji Chavan | C97: Chavan Shivaji | D97: 0 | E97: 1.74837 | F97: 240000056670 | G97: 46 | H97: 1 | I97: 45471 | J97: 0.5 | K97: 45471 | L97: 45474 | M97: 9763443333 | O97: 8 | P97: 1 | Q97: 1 | R97: 2 | S97: 2 | T97: 2 | U97: 2 | V97: 2 | W97: 2 | X97: 2 | Y97: 2 | AA97: 11.4 | AB97: 36.7 | AC97: 63.4 | AD97: 8.71 | AE97: 10.4 | AF97: 86 | AG97: 35.4 | AH97: 24 | AI97: 133 | AJ97: 26.6 | AK97: 519 | AO97: Left corona radiata infract and posterior limb of internal capsule | AQ97: Left M2 distal stenosis | AS97: 10 | AT97: 3 | AU97: 1 | AV97: 2 | AW97: 5 | AY97: 1 | AZ97: 1 | BA97: 2 | BD97: 2 | BE97: 2 | BF97: 1 | BG97: 100 | BH97: 0 | BI97: 0 | BJ97: 0 | BK97: 0 | BL97: 0 | BM97: 0 | BN97: 0 | BO97: 1 | BP97: 2 | BQ97: 2 | BR97: 2 | BS97: 1 | BT97: 1 | BU97: 1 | BV97: 10 | BW97: 1 | BX97: 1 | BY97: 1
A98: FV | B98: Shushma Gupta | C98: Gupta sushma | D98: 0 | E98: 1.78228 | F98: 23000020106 | G98: 63 | H98: 2 | I98: 45509 | J98: 0.875 | K98: 45509 | L98: 45513 | M98: 8308312736 | O98: 5 | P98: 1 | Q98: 1 | R98: 2 | S98: 2 | T98: 2 | U98: 2 | V98: 2 | W98: 2 | X98: 2 | Y98: 2 | AA98: 12.4 | AB98: 36.8 | AC98: 85.3 | AD98: 11.81 | AE98: 6.3 | AF98: 171 | AG98: 94 | AH98: 28 | AI98: 245 | AJ98: 49 | AO98: Left GC region infract hyper acute to acute NHI in Lt caudate nucleus and Lt corona radiata | AQ98: Normal | AS98: 9 | AT98: 3 | AU98: 1 | AV98: 3 | AW98: 5 | AY98: 1 | AZ98: 2 | BA98: 1 | BB98: 2 | BD98: 2 | BE98: 2 | BF98: 1 | BG98: 65 | BH98: 0 | BI98: 0 | BJ98: 0 | BK98: 0 | BL98: 0 | BM98: 0 | BN98: 0 | BO98: 1 | BP98: 2 | BQ98: 2 | BR98: 2 | BS98: 1 | BT98: 1 | BU98: 1 | BV98: 10 | BW98: 1 | BX98: 1 | BY98: 0
A99: IO | B99: Dnyaneshwar Kumbhar | C99: KUMBHAR DNYANESHWAR | D99: 0 | E99: 1.80165 | F99: 24000044952 | G99: 60 | H99: 1 | K99: 45432 | L99: 45434 | M99: 7058123525 | O99: 2 | P99: 1 | Q99: 1 | R99: 1 | S99: 1 | T99: 2 | U99: 1 | V99: 2 | W99: 2 | X99: 2 | Y99: 2 | AA99: 13.1 | AB99: 39 | AC99: 97 | AD99: 11.32 | AE99: 8.7 | AF99: 299 | AH99: 39 | AI99: 463 | AK99: 2000 | AO99: Right corona radiata infract and internal capsule | AQ99: Right M1 MCA infract left CCA plaque causing 40-50% stenosis | AS99: 9 | AT99: 3 | AU99: 1 | AV99: 3 | AW99: 5 | AY99: 1 | AZ99: 1 | BA99: 2 | BD99: 2 | BE99: 2 | BF99: 0 | BG99: 100 | BH99: 1 | BI99: 2 | BJ99: 2 | BK99: 2 | BL99: 1 | BM99: 1 | BN99: 1 | BO99: 0 | BP99: 0 | BQ99: 0 | BR99: 0 | BS99: 0 | BT99: 0 | BU99: 0 | BV99: 10 | BW99: 1 | BX99: 1 | BY99: Left CCA thrombus
A100: IS | B100: Rashid Shaikh | C100: sheikh rashid | D100: 0 | E100: 1.98084 | F100: 24000062845 | G100: 60 | H100: 2 | I100: 45491 | J100: 0.58333333 | K100: 45491 | L100: 45493 | O100: 10 | P100: 1 | Q100: 2 | R100: 2 | S100: 1 | T100: 2 | U100: 2 | V100: 2 | W100: 2 | X100: 2 | Y100: 2 | AA100: 14 | AB100: 42.3 | AC100: 87.9 | AD100: 15.99 | AE100: 6 | AF100: 231 | AG100: 172.4 | AH100: 38 | AI100: 103 | AJ100: 20.6 | AK100: 217 | AO100: Left corona radiata acute infract and left GC region | AQ100: suspected left ICA origin plaque | AS100: 9 | AT100: 3 | AU100: 1 | AV100: 3 | AW100: 5 | AY100: 1 | AZ100: 1 | BA100: 2 | BD100: 2 | BE100: 2 | BF100: 1 | BG100: 100 | BH100: 0 | BI100: 0 | BJ100: 0 | BK100: 0 | BL100: 0 | BM100: 0 | BN100: 0 | BO100: 1 | BP100: 2 | BQ100: 2 | BR100: 2 | BS100: 1 | BT100: 1 | BU100: 1 | BV100: 10 | BW100: 0 | BX100: 0 | BY100: 0
...
